strategy,direction,entry_time,exit_time,entry_price,exit_price,net_pnl
MA_Crossover(10/50),SHORT,2017-07-11 00:00:00,2017-07-12 00:00:00,1408.5999755859375,1413.5,-26.2
MA_Crossover(10/50),LONG,2017-07-12 00:00:00,2017-08-09 00:00:00,1413.5,1408.4000244140625,-27.2
MA_Crossover(10/50),SHORT,2017-08-09 00:00:00,2017-09-13 00:00:00,1408.4000244140625,1423.0999755859375,-75.2
MA_Crossover(10/50),LONG,2017-09-13 00:00:00,2018-02-08 00:00:00,1423.0999755859375,1495.5999755859375,360.8
MA_Crossover(10/50),SHORT,2018-02-08 00:00:00,2018-03-08 00:00:00,1495.5999755859375,1574.199951171875,-394.7
MA_Crossover(10/50),LONG,2018-03-08 00:00:00,2018-03-29 00:00:00,1574.199951171875,1519.800048828125,-273.7
MA_Crossover(10/50),SHORT,2018-03-29 00:00:00,2018-04-17 00:00:00,1519.800048828125,1565.5999755859375,-230.7
MA_Crossover(10/50),LONG,2018-04-17 00:00:00,2018-10-03 00:00:00,1565.5999755859375,1660.800048828125,474.3
MA_Crossover(10/50),SHORT,2018-10-03 00:00:00,2019-01-28 00:00:00,1660.800048828125,1481.199951171875,896.3
MA_Crossover(10/50),LONG,2019-01-28 00:00:00,2019-05-20 00:00:00,1481.199951171875,1536.800048828125,276.3
MA_Crossover(10/50),SHORT,2019-05-20 00:00:00,2019-06-24 00:00:00,1536.800048828125,1550.800048828125,-71.7
MA_Crossover(10/50),LONG,2019-06-24 00:00:00,2019-06-26 00:00:00,1550.800048828125,1524.800048828125,-131.7
MA_Crossover(10/50),SHORT,2019-06-26 00:00:00,2019-07-01 00:00:00,1524.800048828125,1582.9000244140625,-292.2
MA_Crossover(10/50),LONG,2019-07-01 00:00:00,2019-08-06 00:00:00,1582.9000244140625,1473.800048828125,-547.2
MA_Crossover(10/50),SHORT,2019-08-06 00:00:00,2019-09-13 00:00:00,1473.800048828125,1578.0999755859375,-523.2
MA_Crossover(10/50),LONG,2019-09-13 00:00:00,2019-10-03 00:00:00,1578.0999755859375,1477.5999755859375,-504.2
MA_Crossover(10/50),SHORT,2019-10-03 00:00:00,2019-10-22 00:00:00,1477.5999755859375,1551.5,-371.2
MA_Crossover(10/50),LONG,2019-10-22 00:00:00,2020-02-26 00:00:00,1551.5,1574.5999755859375,113.8
MA_Crossover(10/50),SHORT,2020-02-26 00:00:00,2020-05-12 00:00:00,1574.5999755859375,1314.5,1298.8
MA_Crossover(10/50),LONG,2020-05-12 00:00:00,2020-05-13 00:00:00,1314.5,1257.5,-286.7
MA_Crossover(10/50),SHORT,2020-05-13 00:00:00,2020-05-20 00:00:00,1257.5,1302.699951171875,-227.7
MA_Crossover(10/50),LONG,2020-05-20 00:00:00,2020-09-24 00:00:00,1302.699951171875,1447.5,722.3
MA_Crossover(10/50),SHORT,2020-09-24 00:00:00,2020-10-06 00:00:00,1447.5,1576.0,-644.2
MA_Crossover(10/50),LONG,2020-10-06 00:00:00,2021-05-13 00:00:00,1576.0,2126.5,2750.8
MA_Crossover(10/50),SHORT,2021-05-13 00:00:00,2021-05-28 00:00:00,2126.5,2279.199951171875,-765.2
MA_Crossover(10/50),LONG,2021-05-28 00:00:00,2021-07-14 00:00:00,2279.199951171875,2234.699951171875,-224.2
MA_Crossover(10/50),SHORT,2021-07-14 00:00:00,2021-09-01 00:00:00,2234.699951171875,2275.199951171875,-204.2
MA_Crossover(10/50),LONG,2021-09-01 00:00:00,2021-09-21 00:00:00,2275.199951171875,2172.699951171875,-514.2
MA_Crossover(10/50),SHORT,2021-09-21 00:00:00,2021-09-28 00:00:00,2172.699951171875,2277.10009765625,-523.7
MA_Crossover(10/50),LONG,2021-09-28 00:00:00,2021-09-30 00:00:00,2277.10009765625,2228.0,-247.2
MA_Crossover(10/50),SHORT,2021-09-30 00:00:00,2021-10-15 00:00:00,2228.0,2274.60009765625,-234.7
MA_Crossover(10/50),LONG,2021-10-15 00:00:00,2021-12-01 00:00:00,2274.60009765625,2213.800048828125,-305.7
MA_Crossover(10/50),SHORT,2021-12-01 00:00:00,2022-03-30 00:00:00,2213.800048828125,2128.199951171875,426.3
MA_Crossover(10/50),LONG,2022-03-30 00:00:00,2022-04-08 00:00:00,2128.199951171875,2004.0999755859373,-622.2
MA_Crossover(10/50),SHORT,2022-04-08 00:00:00,2022-07-28 00:00:00,2004.0999755859373,1848.4000244140625,776.8
MA_Crossover(10/50),LONG,2022-07-28 00:00:00,2022-09-06 00:00:00,1848.4000244140625,1810.0999755859373,-193.2
MA_Crossover(10/50),SHORT,2022-09-06 00:00:00,2022-10-31 00:00:00,1810.0999755859373,1852.5,-213.7
MA_Crossover(10/50),LONG,2022-10-31 00:00:00,2022-12-16 00:00:00,1852.5,1772.5999755859375,-401.2
MA_Crossover(10/50),SHORT,2022-12-16 00:00:00,2023-01-13 00:00:00,1772.5999755859375,1886.0,-568.7
MA_Crossover(10/50),LONG,2023-01-13 00:00:00,2023-03-10 00:00:00,1886.0,1827.0999755859373,-296.2
MA_Crossover(10/50),SHORT,2023-03-10 00:00:00,2023-06-06 00:00:00,1827.0999755859373,1810.199951171875,82.8
MA_Crossover(10/50),LONG,2023-06-06 00:00:00,2023-08-21 00:00:00,1810.199951171875,1864.5999755859373,270.3
MA_Crossover(10/50),SHORT,2023-08-21 00:00:00,2023-11-21 00:00:00,1864.5999755859373,1813.300048828125,254.8
MA_Crossover(10/50),LONG,2023-11-21 00:00:00,2024-04-17 00:00:00,1813.300048828125,1983.300048828125,848.3
MA_Crossover(10/50),SHORT,2024-04-17 00:00:00,2024-05-08 00:00:00,1983.300048828125,2072.0,-445.2
MA_Crossover(10/50),LONG,2024-05-08 00:00:00,2024-06-11 00:00:00,2072.0,2035.800048828125,-182.7
MA_Crossover(10/50),SHORT,2024-06-11 00:00:00,2024-07-05 00:00:00,2035.800048828125,2055.10009765625,-98.2
MA_Crossover(10/50),LONG,2024-07-05 00:00:00,2024-07-08 00:00:00,2055.10009765625,2040.800048828125,-73.2
MA_Crossover(10/50),SHORT,2024-07-08 00:00:00,2024-07-09 00:00:00,2040.800048828125,2058.10009765625,-88.2
MA_Crossover(10/50),LONG,2024-07-09 00:00:00,2024-08-13 00:00:00,2058.10009765625,2071.5,65.3
MA_Crossover(10/50),SHORT,2024-08-13 00:00:00,2024-08-19 00:00:00,2071.5,2154.199951171875,-415.2
MA_Crossover(10/50),LONG,2024-08-19 00:00:00,2024-09-11 00:00:00,2154.199951171875,2101.300048828125,-266.2
MA_Crossover(10/50),SHORT,2024-09-11 00:00:00,2024-09-16 00:00:00,2101.300048828125,2183.0,-410.2
MA_Crossover(10/50),LONG,2024-09-16 00:00:00,2024-12-20 00:00:00,2183.0,2222.0,193.3
MA_Crossover(10/50),SHORT,2024-12-20 00:00:00,2025-01-27 00:00:00,2222.0,2307.0,-426.7
MA_Crossover(10/50),LONG,2025-01-27 00:00:00,2025-02-04 00:00:00,2307.0,2293.60009765625,-68.7
MA_Crossover(10/50),SHORT,2025-02-04 00:00:00,2025-02-06 00:00:00,2293.60009765625,2327.199951171875,-169.7
MA_Crossover(10/50),LONG,2025-02-06 00:00:00,2025-02-13 00:00:00,2327.199951171875,2263.199951171875,-321.7
MA_Crossover(10/50),SHORT,2025-02-13 00:00:00,2025-05-14 00:00:00,2263.199951171875,2107.0,779.3
MA_Crossover(10/50),LONG,2025-05-14 00:00:00,2025-11-18 00:00:00,2107.0,2349.800048828125,1212.3
MA_Crossover(10/50),SHORT,2025-11-18 00:00:00,2025-12-01 00:00:00,2349.800048828125,2501.0,-757.7
MA_Crossover(10/50),LONG,2025-12-01 00:00:00,2026-03-09 00:00:00,2501.0,2499.199951171875,-10.7
MA_Crossover(10/50),SHORT,2026-03-09 00:00:00,2026-04-13 00:00:00,2499.199951171875,2607.800048828125,-544.7
Donchian_Breakout(20),SHORT,2017-08-10 00:00:00,2017-09-13 00:00:00,1398.5999755859375,1423.0999755859375,-124.2
Donchian_Breakout(20),LONG,2017-09-13 00:00:00,2017-11-08 00:00:00,1423.0999755859375,1476.0,262.8
Donchian_Breakout(20),SHORT,2017-11-08 00:00:00,2017-11-22 00:00:00,1476.0,1517.9000244140625,-211.2
Donchian_Breakout(20),LONG,2017-11-22 00:00:00,2018-02-05 00:00:00,1517.9000244140625,1543.5,126.3
Donchian_Breakout(20),SHORT,2018-02-05 00:00:00,2018-03-08 00:00:00,1543.5,1574.199951171875,-155.2
Donchian_Breakout(20),LONG,2018-03-08 00:00:00,2018-09-27 00:00:00,1574.199951171875,1696.199951171875,608.3
Donchian_Breakout(20),SHORT,2018-09-27 00:00:00,2019-01-17 00:00:00,1696.199951171875,1453.0999755859375,1213.8
Donchian_Breakout(20),LONG,2019-01-17 00:00:00,2019-03-25 00:00:00,1453.0999755859375,1511.5,290.3
Donchian_Breakout(20),SHORT,2019-03-25 00:00:00,2019-04-08 00:00:00,1511.5,1587.800048828125,-383.2
Donchian_Breakout(20),LONG,2019-04-08 00:00:00,2019-05-14 00:00:00,1587.800048828125,1521.0,-335.7
Donchian_Breakout(20),SHORT,2019-05-14 00:00:00,2019-06-19 00:00:00,1521.0,1551.199951171875,-152.7
Donchian_Breakout(20),LONG,2019-06-19 00:00:00,2019-08-05 00:00:00,1551.199951171875,1535.0,-82.7
Donchian_Breakout(20),SHORT,2019-08-05 00:00:00,2019-09-11 00:00:00,1535.0,1545.0999755859375,-52.2
Donchian_Breakout(20),LONG,2019-09-11 00:00:00,2020-02-03 00:00:00,1545.0999755859375,1613.5,340.3
Donchian_Breakout(20),SHORT,2020-02-03 00:00:00,2020-04-28 00:00:00,1613.5,1277.5,1678.3
Donchian_Breakout(20),LONG,2020-04-28 00:00:00,2020-09-24 00:00:00,1277.5,1447.5,848.3
Donchian_Breakout(20),SHORT,2020-09-24 00:00:00,2020-10-06 00:00:00,1447.5,1576.0,-644.2
Donchian_Breakout(20),LONG,2020-10-06 00:00:00,2021-05-13 00:00:00,1576.0,2126.5,2750.8
Donchian_Breakout(20),SHORT,2021-05-13 00:00:00,2021-06-02 00:00:00,2126.5,2295.10009765625,-844.7
Donchian_Breakout(20),LONG,2021-06-02 00:00:00,2021-07-16 00:00:00,2295.10009765625,2185.0,-552.2
Donchian_Breakout(20),SHORT,2021-07-16 00:00:00,2021-08-30 00:00:00,2185.0,2280.0,-476.7
Donchian_Breakout(20),LONG,2021-08-30 00:00:00,2021-11-29 00:00:00,2280.0,2231.10009765625,-246.2
Donchian_Breakout(20),SHORT,2021-11-29 00:00:00,2022-03-30 00:00:00,2231.10009765625,2128.199951171875,512.8
Donchian_Breakout(20),LONG,2022-03-30 00:00:00,2022-04-25 00:00:00,2128.199951171875,1931.5,-985.2
Donchian_Breakout(20),SHORT,2022-04-25 00:00:00,2022-06-08 00:00:00,1931.5,1914.0999755859373,85.3
Donchian_Breakout(20),LONG,2022-06-08 00:00:00,2022-06-14 00:00:00,1914.0999755859373,1716.199951171875,-991.2
Donchian_Breakout(20),SHORT,2022-06-14 00:00:00,2022-07-20 00:00:00,1716.199951171875,1800.800048828125,-424.7
Donchian_Breakout(20),LONG,2022-07-20 00:00:00,2022-08-31 00:00:00,1800.800048828125,1856.199951171875,275.3
Donchian_Breakout(20),SHORT,2022-08-31 00:00:00,2022-10-26 00:00:00,1856.199951171875,1799.5,281.8
Donchian_Breakout(20),LONG,2022-10-26 00:00:00,2022-12-16 00:00:00,1799.5,1772.5999755859375,-136.2
Donchian_Breakout(20),SHORT,2022-12-16 00:00:00,2023-01-17 00:00:00,1772.5999755859375,1899.5,-636.2
Donchian_Breakout(20),LONG,2023-01-17 00:00:00,2023-03-10 00:00:00,1899.5,1827.0999755859373,-363.7
Donchian_Breakout(20),SHORT,2023-03-10 00:00:00,2023-06-05 00:00:00,1827.0999755859373,1835.800048828125,-45.2
Donchian_Breakout(20),LONG,2023-06-05 00:00:00,2023-08-16 00:00:00,1835.800048828125,1903.300048828125,335.8
Donchian_Breakout(20),SHORT,2023-08-16 00:00:00,2023-11-15 00:00:00,1903.300048828125,1807.9000244140625,475.3
Donchian_Breakout(20),LONG,2023-11-15 00:00:00,2024-01-18 00:00:00,1807.9000244140625,1925.0,583.8
Donchian_Breakout(20),SHORT,2024-01-18 00:00:00,2024-02-13 00:00:00,1925.0,2054.10009765625,-647.2
Donchian_Breakout(20),LONG,2024-02-13 00:00:00,2024-04-16 00:00:00,2054.10009765625,1992.199951171875,-311.2
Donchian_Breakout(20),SHORT,2024-04-16 00:00:00,2024-05-16 00:00:00,1992.199951171875,2117.60009765625,-628.7
Donchian_Breakout(20),LONG,2024-05-16 00:00:00,2024-06-10 00:00:00,2117.60009765625,2027.699951171875,-451.2
Donchian_Breakout(20),SHORT,2024-06-10 00:00:00,2024-07-12 00:00:00,2027.699951171875,2148.300048828125,-604.7
Donchian_Breakout(20),LONG,2024-07-12 00:00:00,2024-12-19 00:00:00,2148.300048828125,2232.60009765625,419.8
Donchian_Breakout(20),SHORT,2024-12-19 00:00:00,2025-01-22 00:00:00,2232.60009765625,2327.800048828125,-477.7
Donchian_Breakout(20),LONG,2025-01-22 00:00:00,2025-02-25 00:00:00,2327.800048828125,2187.199951171875,-704.7
Donchian_Breakout(20),SHORT,2025-02-25 00:00:00,2025-05-05 00:00:00,2187.199951171875,2026.800048828125,800.3
Donchian_Breakout(20),LONG,2025-05-05 00:00:00,2025-08-04 00:00:00,2026.800048828125,2173.39990234375,731.3
Donchian_Breakout(20),SHORT,2025-08-04 00:00:00,2025-08-14 00:00:00,2173.39990234375,2332.300048828125,-796.2
Donchian_Breakout(20),LONG,2025-08-14 00:00:00,2025-11-18 00:00:00,2332.300048828125,2349.800048828125,85.8
Donchian_Breakout(20),SHORT,2025-11-18 00:00:00,2025-12-04 00:00:00,2349.800048828125,2514.5,-825.2
Donchian_Breakout(20),LONG,2025-12-04 00:00:00,2026-03-09 00:00:00,2514.5,2499.199951171875,-78.2
Donchian_Breakout(20),SHORT,2026-03-09 00:00:00,2026-04-09 00:00:00,2499.199951171875,2631.800048828125,-664.7
Donchian_Breakout(20),LONG,2026-04-09 00:00:00,2026-07-30 00:00:00,2631.800048828125,2906.60009765625,1372.3
Donchian_Breakout(20),SHORT,2026-07-30 00:00:00,2026-08-05 00:00:00,2906.60009765625,3049.10009765625,-714.2
MACD_Momentum(12/26/9),SHORT,2017-08-16 00:00:00,2017-08-29 00:00:00,1382.199951171875,1375.4000244140625,32.3
MACD_Momentum(12/26/9),LONG,2017-08-29 00:00:00,2017-10-13 00:00:00,1375.4000244140625,1507.5999755859375,659.3
MACD_Momentum(12/26/9),SHORT,2017-10-13 00:00:00,2017-11-21 00:00:00,1507.5999755859375,1503.699951171875,17.8
MACD_Momentum(12/26/9),LONG,2017-11-21 00:00:00,2017-12-08 00:00:00,1503.699951171875,1521.5,87.3
MACD_Momentum(12/26/9),SHORT,2017-12-08 00:00:00,2017-12-20 00:00:00,1521.5,1538.5,-86.7
MACD_Momentum(12/26/9),LONG,2017-12-20 00:00:00,2018-01-31 00:00:00,1538.5,1586.300048828125,237.3
MACD_Momentum(12/26/9),SHORT,2018-01-31 00:00:00,2018-02-20 00:00:00,1586.300048828125,1543.5,212.3
MACD_Momentum(12/26/9),LONG,2018-02-20 00:00:00,2018-03-23 00:00:00,1543.5,1547.0,15.8
MACD_Momentum(12/26/9),SHORT,2018-03-23 00:00:00,2018-04-12 00:00:00,1547.0,1549.0,-11.7
MACD_Momentum(12/26/9),LONG,2018-04-12 00:00:00,2018-05-01 00:00:00,1549.0,1543.0,-31.7
MACD_Momentum(12/26/9),SHORT,2018-05-01 00:00:00,2018-05-08 00:00:00,1543.0,1580.5,-189.2
MACD_Momentum(12/26/9),LONG,2018-05-08 00:00:00,2018-06-25 00:00:00,1580.5,1689.0,540.8
MACD_Momentum(12/26/9),SHORT,2018-06-25 00:00:00,2018-07-10 00:00:00,1689.0,1710.699951171875,-110.2
MACD_Momentum(12/26/9),LONG,2018-07-10 00:00:00,2018-07-16 00:00:00,1710.699951171875,1692.4000244140625,-93.2
MACD_Momentum(12/26/9),SHORT,2018-07-16 00:00:00,2018-08-10 00:00:00,1692.4000244140625,1691.9000244140625,0.8
MACD_Momentum(12/26/9),LONG,2018-08-10 00:00:00,2018-08-14 00:00:00,1691.9000244140625,1678.0999755859375,-70.7
MACD_Momentum(12/26/9),SHORT,2018-08-14 00:00:00,2018-08-15 00:00:00,1678.0999755859375,1696.5999755859375,-94.2
MACD_Momentum(12/26/9),LONG,2018-08-15 00:00:00,2018-08-16 00:00:00,1696.5999755859375,1674.0,-114.7
MACD_Momentum(12/26/9),SHORT,2018-08-16 00:00:00,2018-08-20 00:00:00,1674.0,1697.5999755859375,-119.7
MACD_Momentum(12/26/9),LONG,2018-08-20 00:00:00,2018-09-07 00:00:00,1697.5999755859375,1714.800048828125,84.3
MACD_Momentum(12/26/9),SHORT,2018-09-07 00:00:00,2018-11-02 00:00:00,1714.800048828125,1537.699951171875,883.8
MACD_Momentum(12/26/9),LONG,2018-11-02 00:00:00,2018-11-21 00:00:00,1537.699951171875,1466.199951171875,-359.2
MACD_Momentum(12/26/9),SHORT,2018-11-21 00:00:00,2018-11-28 00:00:00,1466.199951171875,1494.9000244140625,-145.2
MACD_Momentum(12/26/9),LONG,2018-11-28 00:00:00,2018-12-10 00:00:00,1494.9000244140625,1446.199951171875,-245.2
MACD_Momentum(12/26/9),SHORT,2018-12-10 00:00:00,2019-01-03 00:00:00,1446.199951171875,1344.9000244140625,504.8
MACD_Momentum(12/26/9),LONG,2019-01-03 00:00:00,2019-03-01 00:00:00,1344.9000244140625,1575.800048828125,1152.8
MACD_Momentum(12/26/9),SHORT,2019-03-01 00:00:00,2019-04-04 00:00:00,1575.800048828125,1567.199951171875,41.3
MACD_Momentum(12/26/9),LONG,2019-04-04 00:00:00,2019-04-22 00:00:00,1567.199951171875,1568.5999755859375,5.3
MACD_Momentum(12/26/9),SHORT,2019-04-22 00:00:00,2019-04-25 00:00:00,1568.5999755859375,1588.5,-101.2
MACD_Momentum(12/26/9),LONG,2019-04-25 00:00:00,2019-04-26 00:00:00,1588.5,1576.4000244140625,-62.2
MACD_Momentum(12/26/9),SHORT,2019-04-26 00:00:00,2019-04-29 00:00:00,1576.4000244140625,1592.699951171875,-83.2
MACD_Momentum(12/26/9),LONG,2019-04-29 00:00:00,2019-05-02 00:00:00,1592.699951171875,1573.300048828125,-98.7
MACD_Momentum(12/26/9),SHORT,2019-05-02 00:00:00,2019-05-06 00:00:00,1573.300048828125,1600.0,-135.2
MACD_Momentum(12/26/9),LONG,2019-05-06 00:00:00,2019-05-09 00:00:00,1600.0,1579.5999755859375,-103.7
MACD_Momentum(12/26/9),SHORT,2019-05-09 00:00:00,2019-06-10 00:00:00,1579.5999755859375,1519.5999755859375,298.3
MACD_Momentum(12/26/9),LONG,2019-06-10 00:00:00,2019-07-18 00:00:00,1519.5999755859375,1549.4000244140625,147.3
MACD_Momentum(12/26/9),SHORT,2019-07-18 00:00:00,2019-07-29 00:00:00,1549.4000244140625,1579.800048828125,-153.7
MACD_Momentum(12/26/9),LONG,2019-07-29 00:00:00,2019-08-02 00:00:00,1579.800048828125,1549.800048828125,-151.7
MACD_Momentum(12/26/9),SHORT,2019-08-02 00:00:00,2019-08-23 00:00:00,1549.800048828125,1505.0,222.3
MACD_Momentum(12/26/9),LONG,2019-08-23 00:00:00,2019-08-26 00:00:00,1505.0,1448.699951171875,-283.2
MACD_Momentum(12/26/9),SHORT,2019-08-26 00:00:00,2019-08-30 00:00:00,1448.699951171875,1496.5999755859375,-241.2
MACD_Momentum(12/26/9),LONG,2019-08-30 00:00:00,2019-09-27 00:00:00,1496.5999755859375,1537.800048828125,204.3
MACD_Momentum(12/26/9),SHORT,2019-09-27 00:00:00,2019-10-16 00:00:00,1537.800048828125,1525.0999755859375,61.8
MACD_Momentum(12/26/9),LONG,2019-10-16 00:00:00,2019-11-15 00:00:00,1525.0999755859375,1589.800048828125,321.8
MACD_Momentum(12/26/9),SHORT,2019-11-15 00:00:00,2019-11-27 00:00:00,1589.800048828125,1627.0999755859375,-188.2
MACD_Momentum(12/26/9),LONG,2019-11-27 00:00:00,2019-12-04 00:00:00,1627.0999755859375,1604.300048828125,-115.7
MACD_Momentum(12/26/9),SHORT,2019-12-04 00:00:00,2019-12-10 00:00:00,1604.300048828125,1630.0,-130.2
MACD_Momentum(12/26/9),LONG,2019-12-10 00:00:00,2020-01-02 00:00:00,1630.0,1674.0,218.3
MACD_Momentum(12/26/9),SHORT,2020-01-02 00:00:00,2020-01-17 00:00:00,1674.0,1707.0999755859375,-167.2
MACD_Momentum(12/26/9),LONG,2020-01-17 00:00:00,2020-01-23 00:00:00,1707.0999755859375,1683.199951171875,-121.2
MACD_Momentum(12/26/9),SHORT,2020-01-23 00:00:00,2020-02-12 00:00:00,1683.199951171875,1679.5999755859375,16.3
MACD_Momentum(12/26/9),LONG,2020-02-12 00:00:00,2020-02-25 00:00:00,1679.5999755859375,1625.699951171875,-271.2
MACD_Momentum(12/26/9),SHORT,2020-02-25 00:00:00,2020-03-27 00:00:00,1625.699951171875,1176.4000244140625,2244.8
MACD_Momentum(12/26/9),LONG,2020-03-27 00:00:00,2020-05-14 00:00:00,1176.4000244140625,1234.5,288.8
MACD_Momentum(12/26/9),SHORT,2020-05-14 00:00:00,2020-05-19 00:00:00,1234.5,1331.0999755859375,-484.7
MACD_Momentum(12/26/9),LONG,2020-05-19 00:00:00,2020-06-12 00:00:00,1331.0999755859375,1360.4000244140625,144.8
MACD_Momentum(12/26/9),SHORT,2020-06-12 00:00:00,2020-07-17 00:00:00,1360.4000244140625,1464.199951171875,-520.7
MACD_Momentum(12/26/9),LONG,2020-07-17 00:00:00,2020-08-21 00:00:00,1464.199951171875,1561.300048828125,483.8
MACD_Momentum(12/26/9),SHORT,2020-08-21 00:00:00,2020-10-02 00:00:00,1561.300048828125,1526.300048828125,173.3
MACD_Momentum(12/26/9),LONG,2020-10-02 00:00:00,2020-10-27 00:00:00,1526.300048828125,1601.0999755859375,372.3
MACD_Momentum(12/26/9),SHORT,2020-10-27 00:00:00,2020-11-06 00:00:00,1601.0999755859375,1658.800048828125,-290.2
MACD_Momentum(12/26/9),LONG,2020-11-06 00:00:00,2020-12-29 00:00:00,1658.800048828125,1996.5,1686.8
MACD_Momentum(12/26/9),SHORT,2020-12-29 00:00:00,2021-01-08 00:00:00,1996.5,2095.5,-496.7
MACD_Momentum(12/26/9),LONG,2021-01-08 00:00:00,2021-01-27 00:00:00,2095.5,2135.10009765625,196.3
MACD_Momentum(12/26/9),SHORT,2021-01-27 00:00:00,2021-02-08 00:00:00,2135.10009765625,2234.0,-496.2
MACD_Momentum(12/26/9),LONG,2021-02-08 00:00:00,2021-02-19 00:00:00,2234.0,2221.10009765625,-66.2
MACD_Momentum(12/26/9),SHORT,2021-02-19 00:00:00,2021-03-12 00:00:00,2221.10009765625,2338.800048828125,-590.2
MACD_Momentum(12/26/9),LONG,2021-03-12 00:00:00,2021-03-22 00:00:00,2338.800048828125,2278.0,-305.7
MACD_Momentum(12/26/9),SHORT,2021-03-22 00:00:00,2021-04-07 00:00:00,2278.0,2261.5,80.8
MACD_Momentum(12/26/9),LONG,2021-04-07 00:00:00,2021-04-08 00:00:00,2261.5,2225.800048828125,-180.2
MACD_Momentum(12/26/9),SHORT,2021-04-08 00:00:00,2021-04-12 00:00:00,2225.800048828125,2239.199951171875,-68.7
MACD_Momentum(12/26/9),LONG,2021-04-12 00:00:00,2021-04-14 00:00:00,2239.199951171875,2228.199951171875,-56.7
MACD_Momentum(12/26/9),SHORT,2021-04-14 00:00:00,2021-04-15 00:00:00,2228.199951171875,2249.39990234375,-107.7
MACD_Momentum(12/26/9),LONG,2021-04-15 00:00:00,2021-04-21 00:00:00,2249.39990234375,2184.199951171875,-327.7
MACD_Momentum(12/26/9),SHORT,2021-04-21 00:00:00,2021-04-26 00:00:00,2184.199951171875,2270.0,-430.7
MACD_Momentum(12/26/9),LONG,2021-04-26 00:00:00,2021-05-06 00:00:00,2270.0,2235.39990234375,-174.7
MACD_Momentum(12/26/9),SHORT,2021-05-06 00:00:00,2021-05-27 00:00:00,2235.39990234375,2247.5,-62.2
MACD_Momentum(12/26/9),LONG,2021-05-27 00:00:00,2021-06-21 00:00:00,2247.5,2223.60009765625,-121.2
MACD_Momentum(12/26/9),SHORT,2021-06-21 00:00:00,2021-07-29 00:00:00,2223.60009765625,2223.60009765625,-1.7
MACD_Momentum(12/26/9),LONG,2021-07-29 00:00:00,2021-08-18 00:00:00,2223.60009765625,2171.60009765625,-261.7
MACD_Momentum(12/26/9),SHORT,2021-08-18 00:00:00,2021-08-25 00:00:00,2171.60009765625,2230.0,-293.7
MACD_Momentum(12/26/9),LONG,2021-08-25 00:00:00,2021-09-14 00:00:00,2230.0,2244.10009765625,68.8
MACD_Momentum(12/26/9),SHORT,2021-09-14 00:00:00,2021-09-28 00:00:00,2244.10009765625,2277.10009765625,-166.7
MACD_Momentum(12/26/9),LONG,2021-09-28 00:00:00,2021-09-30 00:00:00,2277.10009765625,2228.0,-247.2
MACD_Momentum(12/26/9),SHORT,2021-09-30 00:00:00,2021-10-08 00:00:00,2228.0,2246.0,-91.7
MACD_Momentum(12/26/9),LONG,2021-10-08 00:00:00,2021-10-12 00:00:00,2246.0,2214.39990234375,-159.7
MACD_Momentum(12/26/9),SHORT,2021-10-12 00:00:00,2021-10-13 00:00:00,2214.39990234375,2224.10009765625,-50.2
MACD_Momentum(12/26/9),LONG,2021-10-13 00:00:00,2021-11-18 00:00:00,2224.10009765625,2371.60009765625,735.8
MACD_Momentum(12/26/9),SHORT,2021-11-18 00:00:00,2021-12-23 00:00:00,2371.60009765625,2220.89990234375,751.8
MACD_Momentum(12/26/9),LONG,2021-12-23 00:00:00,2022-01-11 00:00:00,2220.89990234375,2168.5,-263.7
MACD_Momentum(12/26/9),SHORT,2022-01-11 00:00:00,2022-02-03 00:00:00,2168.5,2025.0,715.8
MACD_Momentum(12/26/9),LONG,2022-02-03 00:00:00,2022-02-24 00:00:00,2025.0,1941.199951171875,-420.7
MACD_Momentum(12/26/9),SHORT,2022-02-24 00:00:00,2022-02-28 00:00:00,1941.199951171875,2012.4000244140625,-357.7
MACD_Momentum(12/26/9),LONG,2022-02-28 00:00:00,2022-03-09 00:00:00,2012.4000244140625,1951.4000244140625,-306.7
MACD_Momentum(12/26/9),SHORT,2022-03-09 00:00:00,2022-03-10 00:00:00,1951.4000244140625,2014.0999755859373,-315.2
MACD_Momentum(12/26/9),LONG,2022-03-10 00:00:00,2022-03-15 00:00:00,2014.0999755859373,1945.0,-347.2
MACD_Momentum(12/26/9),SHORT,2022-03-15 00:00:00,2022-03-17 00:00:00,1945.0,2039.0,-471.7
MACD_Momentum(12/26/9),LONG,2022-03-17 00:00:00,2022-04-07 00:00:00,2039.0,2013.0999755859373,-131.2
MACD_Momentum(12/26/9),SHORT,2022-04-07 00:00:00,2022-05-20 00:00:00,2013.0999755859373,1777.4000244140625,1176.8
MACD_Momentum(12/26/9),LONG,2022-05-20 00:00:00,2022-06-14 00:00:00,1777.4000244140625,1716.199951171875,-307.7
MACD_Momentum(12/26/9),SHORT,2022-06-14 00:00:00,2022-06-28 00:00:00,1716.199951171875,1773.300048828125,-287.2
MACD_Momentum(12/26/9),LONG,2022-06-28 00:00:00,2022-08-23 00:00:00,1773.300048828125,1920.4000244140625,733.8
MACD_Momentum(12/26/9),SHORT,2022-08-23 00:00:00,2022-10-05 00:00:00,1920.4000244140625,1777.0,715.3
MACD_Momentum(12/26/9),LONG,2022-10-05 00:00:00,2022-11-29 00:00:00,1777.0,1834.699951171875,286.8
MACD_Momentum(12/26/9),SHORT,2022-11-29 00:00:00,2022-12-05 00:00:00,1834.699951171875,1892.0,-288.2
MACD_Momentum(12/26/9),LONG,2022-12-05 00:00:00,2022-12-06 00:00:00,1892.0,1842.4000244140625,-249.7
MACD_Momentum(12/26/9),SHORT,2022-12-06 00:00:00,2023-01-05 00:00:00,1842.4000244140625,1781.4000244140625,303.3
MACD_Momentum(12/26/9),LONG,2023-01-05 00:00:00,2023-02-10 00:00:00,1781.4000244140625,1923.800048828125,710.3
MACD_Momentum(12/26/9),SHORT,2023-02-10 00:00:00,2023-03-30 00:00:00,1923.800048828125,1783.199951171875,701.3
MACD_Momentum(12/26/9),LONG,2023-03-30 00:00:00,2023-04-27 00:00:00,1783.199951171875,1736.4000244140625,-235.7
MACD_Momentum(12/26/9),SHORT,2023-04-27 00:00:00,2023-05-11 00:00:00,1736.4000244140625,1766.9000244140625,-154.2
MACD_Momentum(12/26/9),LONG,2023-05-11 00:00:00,2023-06-26 00:00:00,1766.9000244140625,1835.0999755859373,339.3
MACD_Momentum(12/26/9),SHORT,2023-06-26 00:00:00,2023-07-05 00:00:00,1835.0999755859373,1910.9000244140625,-380.7
MACD_Momentum(12/26/9),LONG,2023-07-05 00:00:00,2023-07-06 00:00:00,1910.9000244140625,1886.5999755859373,-123.2
MACD_Momentum(12/26/9),SHORT,2023-07-06 00:00:00,2023-07-12 00:00:00,1886.5999755859373,1927.300048828125,-205.2
MACD_Momentum(12/26/9),LONG,2023-07-12 00:00:00,2023-07-28 00:00:00,1927.300048828125,1966.300048828125,193.3
MACD_Momentum(12/26/9),SHORT,2023-07-28 00:00:00,2023-08-01 00:00:00,1966.300048828125,2015.0,-245.2
MACD_Momentum(12/26/9),LONG,2023-08-01 00:00:00,2023-08-03 00:00:00,2015.0,1975.800048828125,-197.7
MACD_Momentum(12/26/9),SHORT,2023-08-03 00:00:00,2023-08-31 00:00:00,1975.800048828125,1908.9000244140625,332.8
MACD_Momentum(12/26/9),LONG,2023-08-31 00:00:00,2023-09-11 00:00:00,1908.9000244140625,1853.199951171875,-280.2
MACD_Momentum(12/26/9),SHORT,2023-09-11 00:00:00,2023-10-11 00:00:00,1853.199951171875,1789.800048828125,315.3
MACD_Momentum(12/26/9),LONG,2023-10-11 00:00:00,2023-10-20 00:00:00,1789.800048828125,1710.4000244140625,-398.7
MACD_Momentum(12/26/9),SHORT,2023-10-20 00:00:00,2023-11-03 00:00:00,1710.4000244140625,1720.800048828125,-53.7
MACD_Momentum(12/26/9),LONG,2023-11-03 00:00:00,2024-01-04 00:00:00,1720.800048828125,1979.800048828125,1293.3
MACD_Momentum(12/26/9),SHORT,2024-01-04 00:00:00,2024-01-31 00:00:00,1979.800048828125,2009.5,-150.2
MACD_Momentum(12/26/9),LONG,2024-01-31 00:00:00,2024-02-01 00:00:00,2009.5,1959.800048828125,-250.2
MACD_Momentum(12/26/9),SHORT,2024-02-01 00:00:00,2024-02-12 00:00:00,1959.800048828125,2017.199951171875,-288.7
MACD_Momentum(12/26/9),LONG,2024-02-12 00:00:00,2024-03-14 00:00:00,2017.199951171875,2073.699951171875,280.8
MACD_Momentum(12/26/9),SHORT,2024-03-14 00:00:00,2024-03-22 00:00:00,2073.699951171875,2125.300048828125,-259.7
MACD_Momentum(12/26/9),LONG,2024-03-22 00:00:00,2024-04-04 00:00:00,2125.300048828125,2098.199951171875,-137.2
MACD_Momentum(12/26/9),SHORT,2024-04-04 00:00:00,2024-04-30 00:00:00,2098.199951171875,2025.5999755859373,361.3
MACD_Momentum(12/26/9),LONG,2024-04-30 00:00:00,2024-05-28 00:00:00,2025.5999755859373,2078.199951171875,261.3
MACD_Momentum(12/26/9),SHORT,2024-05-28 00:00:00,2024-06-27 00:00:00,2078.199951171875,2037.9000244140625,199.8
MACD_Momentum(12/26/9),LONG,2024-06-27 00:00:00,2024-08-02 00:00:00,2037.9000244140625,2195.89990234375,788.3
MACD_Momentum(12/26/9),SHORT,2024-08-02 00:00:00,2024-08-21 00:00:00,2195.89990234375,2152.5,215.3
MACD_Momentum(12/26/9),LONG,2024-08-21 00:00:00,2024-09-05 00:00:00,2152.5,2144.0,-44.2
MACD_Momentum(12/26/9),SHORT,2024-09-05 00:00:00,2024-09-17 00:00:00,2144.0,2190.699951171875,-235.2
MACD_Momentum(12/26/9),LONG,2024-09-17 00:00:00,2024-10-04 00:00:00,2190.699951171875,2197.10009765625,30.3
MACD_Momentum(12/26/9),SHORT,2024-10-04 00:00:00,2024-10-15 00:00:00,2197.10009765625,2266.60009765625,-349.2
MACD_Momentum(12/26/9),LONG,2024-10-15 00:00:00,2024-10-24 00:00:00,2266.60009765625,2223.699951171875,-216.2
MACD_Momentum(12/26/9),SHORT,2024-10-24 00:00:00,2024-11-07 00:00:00,2223.699951171875,2404.10009765625,-903.7
MACD_Momentum(12/26/9),LONG,2024-11-07 00:00:00,2024-11-19 00:00:00,2404.10009765625,2318.699951171875,-428.7
MACD_Momentum(12/26/9),SHORT,2024-11-19 00:00:00,2024-11-25 00:00:00,2318.699951171875,2430.0,-558.2
MACD_Momentum(12/26/9),LONG,2024-11-25 00:00:00,2024-12-06 00:00:00,2430.0,2402.39990234375,-139.7
MACD_Momentum(12/26/9),SHORT,2024-12-06 00:00:00,2025-01-16 00:00:00,2402.39990234375,2277.5,622.8
MACD_Momentum(12/26/9),LONG,2025-01-16 00:00:00,2025-02-12 00:00:00,2277.5,2284.199951171875,31.8
MACD_Momentum(12/26/9),SHORT,2025-02-12 00:00:00,2025-03-20 00:00:00,2284.199951171875,2084.39990234375,997.3
MACD_Momentum(12/26/9),LONG,2025-03-20 00:00:00,2025-04-04 00:00:00,2084.39990234375,1921.800048828125,-814.7
MACD_Momentum(12/26/9),SHORT,2025-04-04 00:00:00,2025-04-21 00:00:00,1921.800048828125,1885.0,182.3
MACD_Momentum(12/26/9),LONG,2025-04-21 00:00:00,2025-05-27 00:00:00,1885.0,2043.0,788.3
MACD_Momentum(12/26/9),SHORT,2025-05-27 00:00:00,2025-06-09 00:00:00,2043.0,2136.0,-466.7
MACD_Momentum(12/26/9),LONG,2025-06-09 00:00:00,2025-06-16 00:00:00,2136.0,2094.800048828125,-207.7
MACD_Momentum(12/26/9),SHORT,2025-06-16 00:00:00,2025-06-25 00:00:00,2094.800048828125,2176.5,-410.2
MACD_Momentum(12/26/9),LONG,2025-06-25 00:00:00,2025-07-16 00:00:00,2176.5,2213.5,183.3
MACD_Momentum(12/26/9),SHORT,2025-07-16 00:00:00,2025-08-14 00:00:00,2213.5,2332.300048828125,-595.7
MACD_Momentum(12/26/9),LONG,2025-08-14 00:00:00,2025-09-17 00:00:00,2332.300048828125,2405.89990234375,366.3
MACD_Momentum(12/26/9),SHORT,2025-09-17 00:00:00,2025-09-19 00:00:00,2405.89990234375,2475.5,-349.7
MACD_Momentum(12/26/9),LONG,2025-09-19 00:00:00,2025-09-26 00:00:00,2475.5,2431.699951171875,-220.7
MACD_Momentum(12/26/9),SHORT,2025-09-26 00:00:00,2025-11-26 00:00:00,2431.699951171875,2471.300048828125,-199.7
MACD_Momentum(12/26/9),LONG,2025-11-26 00:00:00,2025-12-19 00:00:00,2471.300048828125,2502.300048828125,153.3
MACD_Momentum(12/26/9),SHORT,2025-12-19 00:00:00,2025-12-23 00:00:00,2502.300048828125,2575.39990234375,-367.2
MACD_Momentum(12/26/9),LONG,2025-12-23 00:00:00,2025-12-30 00:00:00,2575.39990234375,2537.10009765625,-193.2
MACD_Momentum(12/26/9),SHORT,2025-12-30 00:00:00,2026-01-07 00:00:00,2537.10009765625,2596.5,-298.7
MACD_Momentum(12/26/9),LONG,2026-01-07 00:00:00,2026-01-29 00:00:00,2596.5,2663.10009765625,331.3
MACD_Momentum(12/26/9),SHORT,2026-01-29 00:00:00,2026-03-26 00:00:00,2663.10009765625,2549.39990234375,566.8
MACD_Momentum(12/26/9),LONG,2026-03-26 00:00:00,2026-03-31 00:00:00,2549.39990234375,2427.199951171875,-612.7
MACD_Momentum(12/26/9),SHORT,2026-03-31 00:00:00,2026-04-02 00:00:00,2427.199951171875,2529.89990234375,-515.2
MACD_Momentum(12/26/9),LONG,2026-04-02 00:00:00,2026-05-13 00:00:00,2529.89990234375,2849.5,1596.3
MACD_Momentum(12/26/9),SHORT,2026-05-13 00:00:00,2026-05-28 00:00:00,2849.5,2929.89990234375,-403.7
MACD_Momentum(12/26/9),LONG,2026-05-28 00:00:00,2026-06-04 00:00:00,2929.89990234375,2892.800048828125,-187.2
MACD_Momentum(12/26/9),SHORT,2026-06-04 00:00:00,2026-06-05 00:00:00,2892.800048828125,2934.300048828125,-209.2
MACD_Momentum(12/26/9),LONG,2026-06-05 00:00:00,2026-06-08 00:00:00,2934.300048828125,2816.300048828125,-591.7
MACD_Momentum(12/26/9),SHORT,2026-06-08 00:00:00,2026-06-16 00:00:00,2816.300048828125,2967.39990234375,-757.2
MACD_Momentum(12/26/9),LONG,2026-06-16 00:00:00,2026-06-18 00:00:00,2967.39990234375,2925.0,-213.7
MACD_Momentum(12/26/9),SHORT,2026-06-18 00:00:00,2026-06-22 00:00:00,2925.0,2989.89990234375,-326.2
MACD_Momentum(12/26/9),LONG,2026-06-22 00:00:00,2026-07-08 00:00:00,2989.89990234375,2994.300048828125,20.3
MACD_Momentum(12/26/9),SHORT,2026-07-08 00:00:00,2026-08-05 00:00:00,2994.300048828125,3049.10009765625,-275.7
"RSI_Reversion(14,30/70)",SHORT,2017-09-19 00:00:00,2017-10-18 00:00:00,1441.0999755859375,1499.699951171875,-294.7
"RSI_Reversion(14,30/70)",SHORT,2017-11-30 00:00:00,2017-12-04 00:00:00,1541.800048828125,1547.699951171875,-31.2
"RSI_Reversion(14,30/70)",SHORT,2018-01-12 00:00:00,2018-01-17 00:00:00,1586.0,1578.0999755859375,37.8
"RSI_Reversion(14,30/70)",LONG,2018-02-06 00:00:00,2018-02-07 00:00:00,1470.5999755859375,1502.199951171875,156.3
"RSI_Reversion(14,30/70)",SHORT,2018-05-22 00:00:00,2018-05-23 00:00:00,1640.4000244140625,1625.800048828125,71.3
"RSI_Reversion(14,30/70)",SHORT,2018-05-31 00:00:00,2018-06-01 00:00:00,1648.5,1637.9000244140625,51.3
"RSI_Reversion(14,30/70)",SHORT,2018-06-06 00:00:00,2018-06-08 00:00:00,1665.699951171875,1671.0,-28.2
"RSI_Reversion(14,30/70)",SHORT,2018-06-12 00:00:00,2018-06-14 00:00:00,1674.699951171875,1676.0,-8.2
"RSI_Reversion(14,30/70)",SHORT,2018-06-15 00:00:00,2018-06-18 00:00:00,1684.4000244140625,1687.5,-17.2
"RSI_Reversion(14,30/70)",SHORT,2018-06-19 00:00:00,2018-06-22 00:00:00,1698.5,1693.5999755859375,22.8
"RSI_Reversion(14,30/70)",LONG,2018-10-10 00:00:00,2018-10-17 00:00:00,1627.0999755859375,1598.800048828125,-143.2
"RSI_Reversion(14,30/70)",LONG,2018-10-22 00:00:00,2018-10-31 00:00:00,1541.0,1512.300048828125,-145.2
"RSI_Reversion(14,30/70)",LONG,2018-12-18 00:00:00,2018-12-27 00:00:00,1387.9000244140625,1329.4000244140625,-294.2
"RSI_Reversion(14,30/70)",SHORT,2019-02-15 00:00:00,2019-02-27 00:00:00,1543.699951171875,1574.4000244140625,-155.2
"RSI_Reversion(14,30/70)",SHORT,2019-11-29 00:00:00,2019-12-02 00:00:00,1635.4000244140625,1625.0999755859375,49.8
"RSI_Reversion(14,30/70)",SHORT,2019-12-19 00:00:00,2019-12-30 00:00:00,1663.5,1669.5,-31.7
"RSI_Reversion(14,30/70)",SHORT,2020-01-17 00:00:00,2020-01-21 00:00:00,1707.0999755859375,1698.9000244140625,39.3
"RSI_Reversion(14,30/70)",LONG,2020-02-26 00:00:00,2020-03-05 00:00:00,1574.5999755859375,1522.699951171875,-261.2
"RSI_Reversion(14,30/70)",LONG,2020-03-09 00:00:00,2020-03-23 00:00:00,1419.800048828125,979.0,-2205.7
"RSI_Reversion(14,30/70)",LONG,2020-03-24 00:00:00,2020-03-25 00:00:00,1004.2000122070312,1096.5,459.8
"RSI_Reversion(14,30/70)",SHORT,2020-06-08 00:00:00,2020-06-10 00:00:00,1506.0,1507.0,-6.7
"RSI_Reversion(14,30/70)",SHORT,2020-08-11 00:00:00,2020-08-12 00:00:00,1582.300048828125,1582.5999755859375,-3.2
"RSI_Reversion(14,30/70)",SHORT,2020-10-13 00:00:00,2020-10-14 00:00:00,1649.5,1633.199951171875,79.8
"RSI_Reversion(14,30/70)",SHORT,2020-11-17 00:00:00,2020-11-19 00:00:00,1784.0,1765.4000244140625,91.3
"RSI_Reversion(14,30/70)",SHORT,2020-11-24 00:00:00,2020-12-01 00:00:00,1820.0999755859373,1825.199951171875,-27.2
"RSI_Reversion(14,30/70)",SHORT,2020-12-07 00:00:00,2020-12-30 00:00:00,1892.800048828125,1957.0999755859373,-323.2
"RSI_Reversion(14,30/70)",SHORT,2021-01-07 00:00:00,2021-01-19 00:00:00,2061.39990234375,2115.60009765625,-272.7
"RSI_Reversion(14,30/70)",SHORT,2021-01-20 00:00:00,2021-01-22 00:00:00,2144.699951171875,2138.800048828125,27.8
"RSI_Reversion(14,30/70)",SHORT,2021-01-25 00:00:00,2021-01-26 00:00:00,2159.39990234375,2160.300048828125,-6.2
"RSI_Reversion(14,30/70)",SHORT,2021-02-08 00:00:00,2021-02-17 00:00:00,2234.0,2270.699951171875,-185.2
"RSI_Reversion(14,30/70)",LONG,2021-07-20 00:00:00,2021-07-21 00:00:00,2136.10009765625,2191.5,275.3
"RSI_Reversion(14,30/70)",SHORT,2021-11-04 00:00:00,2021-11-11 00:00:00,2403.0,2390.199951171875,62.3
"RSI_Reversion(14,30/70)",LONG,2021-12-01 00:00:00,2021-12-03 00:00:00,2213.800048828125,2214.699951171875,2.8
"RSI_Reversion(14,30/70)",LONG,2022-01-20 00:00:00,2022-01-25 00:00:00,2060.39990234375,2033.300048828125,-137.2
"RSI_Reversion(14,30/70)",LONG,2022-01-27 00:00:00,2022-01-31 00:00:00,1971.4000244140625,1960.800048828125,-54.7
"RSI_Reversion(14,30/70)",LONG,2022-05-12 00:00:00,2022-05-13 00:00:00,1723.0,1730.0,33.3
"RSI_Reversion(14,30/70)",SHORT,2022-08-09 00:00:00,2022-08-10 00:00:00,1943.5,1915.0,140.8
"RSI_Reversion(14,30/70)",SHORT,2022-08-11 00:00:00,2022-08-18 00:00:00,1969.0999755859373,1991.9000244140625,-115.7
"RSI_Reversion(14,30/70)",LONG,2022-09-26 00:00:00,2022-09-29 00:00:00,1683.0,1721.199951171875,189.3
"RSI_Reversion(14,30/70)",SHORT,2023-02-03 00:00:00,2023-02-06 00:00:00,2005.0,1987.199951171875,87.3
"RSI_Reversion(14,30/70)",LONG,2023-03-13 00:00:00,2023-03-15 00:00:00,1780.800048828125,1770.0,-55.7
"RSI_Reversion(14,30/70)",LONG,2023-09-25 00:00:00,2023-09-26 00:00:00,1793.0,1803.300048828125,49.8
"RSI_Reversion(14,30/70)",LONG,2023-09-27 00:00:00,2023-09-28 00:00:00,1781.9000244140625,1798.300048828125,80.3
"RSI_Reversion(14,30/70)",LONG,2023-10-04 00:00:00,2023-10-09 00:00:00,1739.5,1743.5,18.3
"RSI_Reversion(14,30/70)",LONG,2023-10-30 00:00:00,2023-10-31 00:00:00,1648.300048828125,1652.199951171875,17.8
"RSI_Reversion(14,30/70)",SHORT,2023-12-14 00:00:00,2024-01-02 00:00:00,1951.5,2048.0,-484.2
"RSI_Reversion(14,30/70)",SHORT,2024-07-15 00:00:00,2024-07-19 00:00:00,2175.5,2220.699951171875,-227.7
"RSI_Reversion(14,30/70)",SHORT,2024-11-07 00:00:00,2024-11-13 00:00:00,2404.10009765625,2405.800048828125,-10.2
"RSI_Reversion(14,30/70)",LONG,2024-12-20 00:00:00,2024-12-24 00:00:00,2222.0,2260.89990234375,192.8
"RSI_Reversion(14,30/70)",LONG,2025-02-28 00:00:00,2025-03-03 00:00:00,2147.0,2169.800048828125,112.3
"RSI_Reversion(14,30/70)",LONG,2025-03-04 00:00:00,2025-03-06 00:00:00,2113.89990234375,2101.199951171875,-65.2
"RSI_Reversion(14,30/70)",LONG,2025-03-07 00:00:00,2025-03-17 00:00:00,2073.300048828125,2036.0,-188.2
"RSI_Reversion(14,30/70)",LONG,2025-04-07 00:00:00,2025-04-10 00:00:00,1782.0,1933.300048828125,754.8
"RSI_Reversion(14,30/70)",SHORT,2025-07-03 00:00:00,2025-07-07 00:00:00,2245.800048828125,2256.10009765625,-53.2
"RSI_Reversion(14,30/70)",SHORT,2025-07-11 00:00:00,2025-07-14 00:00:00,2281.0,2237.800048828125,214.3
"RSI_Reversion(14,30/70)",SHORT,2025-09-19 00:00:00,2025-09-25 00:00:00,2475.5,2459.699951171875,77.3
"RSI_Reversion(14,30/70)",SHORT,2026-01-16 00:00:00,2026-01-21 00:00:00,2690.89990234375,2664.0,132.8
"RSI_Reversion(14,30/70)",SHORT,2026-01-23 00:00:00,2026-01-26 00:00:00,2728.60009765625,2661.0,336.3
"RSI_Reversion(14,30/70)",SHORT,2026-04-20 00:00:00,2026-04-22 00:00:00,2758.699951171875,2788.699951171875,-151.7
"RSI_Reversion(14,30/70)",SHORT,2026-04-23 00:00:00,2026-04-24 00:00:00,2793.199951171875,2782.199951171875,53.3
"RSI_Reversion(14,30/70)",SHORT,2026-04-27 00:00:00,2026-04-29 00:00:00,2792.699951171875,2770.39990234375,109.8
"RSI_Reversion(14,30/70)",SHORT,2026-05-07 00:00:00,2026-05-08 00:00:00,2891.89990234375,2842.60009765625,244.8
"Bollinger_Reversion(20,2sd)",LONG,2017-08-10 00:00:00,2017-09-28 00:00:00,1398.5999755859375,1486.0,435.3
"Bollinger_Reversion(20,2sd)",SHORT,2017-09-28 00:00:00,2017-10-24 00:00:00,1486.0,1496.5999755859375,-54.7
"Bollinger_Reversion(20,2sd)",LONG,2017-11-08 00:00:00,2017-11-20 00:00:00,1476.0,1492.5999755859375,81.3
"Bollinger_Reversion(20,2sd)",SHORT,2017-11-22 00:00:00,2017-12-14 00:00:00,1517.9000244140625,1524.300048828125,-33.7
"Bollinger_Reversion(20,2sd)",SHORT,2018-01-12 00:00:00,2018-02-01 00:00:00,1586.0,1578.699951171875,34.8
"Bollinger_Reversion(20,2sd)",LONG,2018-02-05 00:00:00,2018-02-21 00:00:00,1543.5,1530.5999755859375,-66.2
"Bollinger_Reversion(20,2sd)",SHORT,2018-03-12 00:00:00,2018-03-23 00:00:00,1599.0,1547.0,258.3
"Bollinger_Reversion(20,2sd)",LONG,2018-04-03 00:00:00,2018-05-01 00:00:00,1495.199951171875,1543.0,237.3
"Bollinger_Reversion(20,2sd)",SHORT,2018-05-10 00:00:00,2018-06-26 00:00:00,1598.199951171875,1662.5999755859375,-323.7
"Bollinger_Reversion(20,2sd)",LONG,2018-07-31 00:00:00,2018-08-07 00:00:00,1656.199951171875,1686.5999755859375,150.3
"Bollinger_Reversion(20,2sd)",SHORT,2018-08-22 00:00:00,2018-09-13 00:00:00,1712.5,1715.4000244140625,-16.2
"Bollinger_Reversion(20,2sd)",LONG,2018-09-27 00:00:00,2018-11-05 00:00:00,1696.199951171875,1548.9000244140625,-738.2
"Bollinger_Reversion(20,2sd)",LONG,2018-12-18 00:00:00,2019-01-07 00:00:00,1387.9000244140625,1384.4000244140625,-19.2
"Bollinger_Reversion(20,2sd)",SHORT,2019-02-19 00:00:00,2019-03-07 00:00:00,1570.4000244140625,1537.0999755859375,164.8
"Bollinger_Reversion(20,2sd)",SHORT,2019-05-06 00:00:00,2019-05-09 00:00:00,1600.0,1579.5999755859375,100.3
"Bollinger_Reversion(20,2sd)",LONG,2019-05-14 00:00:00,2019-06-11 00:00:00,1521.0,1524.699951171875,16.8
"Bollinger_Reversion(20,2sd)",LONG,2019-08-05 00:00:00,2019-08-30 00:00:00,1535.0,1496.5999755859375,-193.7
"Bollinger_Reversion(20,2sd)",SHORT,2019-09-11 00:00:00,2019-09-26 00:00:00,1545.0999755859375,1552.5999755859375,-39.2
"Bollinger_Reversion(20,2sd)",LONG,2019-10-03 00:00:00,2019-10-16 00:00:00,1477.5999755859375,1525.0999755859375,235.8
"Bollinger_Reversion(20,2sd)",SHORT,2019-11-27 00:00:00,2020-01-08 00:00:00,1627.0999755859375,1656.5,-148.7
"Bollinger_Reversion(20,2sd)",SHORT,2020-01-17 00:00:00,2020-01-27 00:00:00,1707.0999755859375,1651.0999755859375,278.3
"Bollinger_Reversion(20,2sd)",LONG,2020-02-03 00:00:00,2020-02-06 00:00:00,1613.5,1684.5,353.3
"Bollinger_Reversion(20,2sd)",LONG,2020-02-26 00:00:00,2020-04-07 00:00:00,1574.5999755859375,1125.800048828125,-2245.7
"Bollinger_Reversion(20,2sd)",SHORT,2020-04-13 00:00:00,2020-05-14 00:00:00,1265.0,1234.5,150.8
"Bollinger_Reversion(20,2sd)",SHORT,2020-05-27 00:00:00,2020-06-12 00:00:00,1394.800048828125,1360.4000244140625,170.3
"Bollinger_Reversion(20,2sd)",SHORT,2020-08-10 00:00:00,2020-09-01 00:00:00,1568.5999755859375,1560.300048828125,39.8
"Bollinger_Reversion(20,2sd)",LONG,2020-09-08 00:00:00,2020-09-17 00:00:00,1532.9000244140625,1555.800048828125,112.8
"Bollinger_Reversion(20,2sd)",LONG,2020-09-24 00:00:00,2020-10-02 00:00:00,1447.5,1526.300048828125,392.3
"Bollinger_Reversion(20,2sd)",SHORT,2020-10-08 00:00:00,2020-11-02 00:00:00,1610.300048828125,1537.0,364.8
"Bollinger_Reversion(20,2sd)",LONG,2020-11-02 00:00:00,2020-11-04 00:00:00,1537.0,1616.0,393.3
"Bollinger_Reversion(20,2sd)",SHORT,2020-11-10 00:00:00,2021-01-05 00:00:00,1706.4000244140625,1948.300048828125,-1211.2
"Bollinger_Reversion(20,2sd)",SHORT,2021-01-07 00:00:00,2021-02-01 00:00:00,2061.39990234375,2060.800048828125,1.3
"Bollinger_Reversion(20,2sd)",SHORT,2021-02-05 00:00:00,2021-02-26 00:00:00,2201.60009765625,2196.0,26.3
"Bollinger_Reversion(20,2sd)",LONG,2021-03-05 00:00:00,2021-03-10 00:00:00,2148.0,2247.39990234375,495.3
"Bollinger_Reversion(20,2sd)",SHORT,2021-03-12 00:00:00,2021-03-24 00:00:00,2338.800048828125,2185.5,764.8
"Bollinger_Reversion(20,2sd)",LONG,2021-05-13 00:00:00,2021-05-27 00:00:00,2126.5,2247.5,603.3
"Bollinger_Reversion(20,2sd)",LONG,2021-07-08 00:00:00,2021-07-30 00:00:00,2252.60009765625,2238.0,-74.7
"Bollinger_Reversion(20,2sd)",LONG,2021-08-18 00:00:00,2021-08-25 00:00:00,2171.60009765625,2230.0,290.3
"Bollinger_Reversion(20,2sd)",LONG,2021-09-21 00:00:00,2021-09-24 00:00:00,2172.699951171875,2255.60009765625,412.8
"Bollinger_Reversion(20,2sd)",SHORT,2021-11-02 00:00:00,2021-11-19 00:00:00,2356.0,2363.89990234375,-41.2
"Bollinger_Reversion(20,2sd)",LONG,2021-11-29 00:00:00,2021-12-23 00:00:00,2231.10009765625,2220.89990234375,-52.7
"Bollinger_Reversion(20,2sd)",LONG,2022-01-19 00:00:00,2022-02-22 00:00:00,2095.89990234375,1997.5999755859373,-493.2
"Bollinger_Reversion(20,2sd)",LONG,2022-04-27 00:00:00,2022-05-27 00:00:00,1879.699951171875,1834.699951171875,-226.7
"Bollinger_Reversion(20,2sd)",LONG,2022-06-14 00:00:00,2022-07-08 00:00:00,1716.199951171875,1766.0,247.3
"Bollinger_Reversion(20,2sd)",SHORT,2022-07-20 00:00:00,2022-08-23 00:00:00,1800.800048828125,1920.4000244140625,-599.7
"Bollinger_Reversion(20,2sd)",LONG,2022-09-23 00:00:00,2022-10-05 00:00:00,1730.4000244140625,1777.0,231.3
"Bollinger_Reversion(20,2sd)",SHORT,2022-10-26 00:00:00,2022-11-10 00:00:00,1799.5,1764.5,173.3
"Bollinger_Reversion(20,2sd)",LONG,2022-12-16 00:00:00,2023-01-05 00:00:00,1772.5999755859375,1781.4000244140625,42.3
"Bollinger_Reversion(20,2sd)",SHORT,2023-01-12 00:00:00,2023-02-13 00:00:00,1857.0999755859373,1925.5,-343.7
"Bollinger_Reversion(20,2sd)",LONG,2023-03-10 00:00:00,2023-04-03 00:00:00,1827.0999755859373,1810.199951171875,-86.2
"Bollinger_Reversion(20,2sd)",LONG,2023-04-27 00:00:00,2023-05-16 00:00:00,1736.4000244140625,1766.300048828125,147.8
"Bollinger_Reversion(20,2sd)",SHORT,2023-05-23 00:00:00,2023-05-26 00:00:00,1802.800048828125,1756.300048828125,230.8
"Bollinger_Reversion(20,2sd)",SHORT,2023-06-07 00:00:00,2023-06-26 00:00:00,1858.5999755859373,1835.0999755859373,115.8
"Bollinger_Reversion(20,2sd)",SHORT,2023-07-13 00:00:00,2023-08-11 00:00:00,1948.800048828125,1930.5,89.8
"Bollinger_Reversion(20,2sd)",LONG,2023-08-11 00:00:00,2023-08-31 00:00:00,1930.5,1908.9000244140625,-109.7
"Bollinger_Reversion(20,2sd)",LONG,2023-09-22 00:00:00,2023-10-18 00:00:00,1798.300048828125,1777.5,-105.7
"Bollinger_Reversion(20,2sd)",LONG,2023-10-20 00:00:00,2023-11-03 00:00:00,1710.4000244140625,1720.800048828125,50.3
"Bollinger_Reversion(20,2sd)",SHORT,2023-11-15 00:00:00,2024-01-04 00:00:00,1807.9000244140625,1979.800048828125,-861.2
"Bollinger_Reversion(20,2sd)",SHORT,2024-02-13 00:00:00,2024-02-14 00:00:00,2054.10009765625,1972.300048828125,407.3
"Bollinger_Reversion(20,2sd)",SHORT,2024-02-16 00:00:00,2024-03-15 00:00:00,2064.0,2034.5,145.8
"Bollinger_Reversion(20,2sd)",SHORT,2024-03-22 00:00:00,2024-04-03 00:00:00,2125.300048828125,2087.199951171875,188.8
"Bollinger_Reversion(20,2sd)",LONG,2024-04-16 00:00:00,2024-05-01 00:00:00,1992.199951171875,1982.699951171875,-49.2
"Bollinger_Reversion(20,2sd)",SHORT,2024-07-12 00:00:00,2024-08-08 00:00:00,2148.300048828125,2038.199951171875,548.8
"Bollinger_Reversion(20,2sd)",LONG,2024-08-08 00:00:00,2024-08-20 00:00:00,2038.199951171875,2177.300048828125,693.8
"Bollinger_Reversion(20,2sd)",SHORT,2024-10-17 00:00:00,2024-10-24 00:00:00,2303.89990234375,2223.699951171875,399.3
"Bollinger_Reversion(20,2sd)",SHORT,2024-11-07 00:00:00,2024-12-11 00:00:00,2404.10009765625,2393.0,53.8
"Bollinger_Reversion(20,2sd)",LONG,2024-12-19 00:00:00,2025-01-16 00:00:00,2232.60009765625,2277.5,222.8
"Bollinger_Reversion(20,2sd)",SHORT,2025-01-22 00:00:00,2025-02-04 00:00:00,2327.800048828125,2293.60009765625,169.3
"Bollinger_Reversion(20,2sd)",LONG,2025-02-24 00:00:00,2025-03-25 00:00:00,2202.39990234375,2121.89990234375,-404.2
"Bollinger_Reversion(20,2sd)",LONG,2025-04-07 00:00:00,2025-05-13 00:00:00,1782.0,2102.89990234375,1602.8
"Bollinger_Reversion(20,2sd)",SHORT,2025-05-13 00:00:00,2025-05-27 00:00:00,2102.89990234375,2043.0,297.8
"Bollinger_Reversion(20,2sd)",SHORT,2025-06-11 00:00:00,2025-07-30 00:00:00,2159.699951171875,2255.199951171875,-479.2
"Bollinger_Reversion(20,2sd)",LONG,2025-08-04 00:00:00,2025-08-13 00:00:00,2173.39990234375,2292.0,591.3
"Bollinger_Reversion(20,2sd)",SHORT,2025-08-14 00:00:00,2025-10-13 00:00:00,2332.300048828125,2421.60009765625,-448.2
"Bollinger_Reversion(20,2sd)",SHORT,2025-10-16 00:00:00,2025-10-20 00:00:00,2533.89990234375,2473.699951171875,299.3
"Bollinger_Reversion(20,2sd)",LONG,2025-11-14 00:00:00,2025-11-26 00:00:00,2393.5,2471.300048828125,387.3
"Bollinger_Reversion(20,2sd)",SHORT,2026-01-12 00:00:00,2026-02-02 00:00:00,2638.89990234375,2615.0,117.8
"Bollinger_Reversion(20,2sd)",LONG,2026-02-06 00:00:00,2026-02-09 00:00:00,2585.699951171875,2677.0,454.8
"Bollinger_Reversion(20,2sd)",LONG,2026-03-06 00:00:00,2026-03-27 00:00:00,2585.39990234375,2514.60009765625,-355.7
"Bollinger_Reversion(20,2sd)",SHORT,2026-04-09 00:00:00,2026-05-18 00:00:00,2631.800048828125,2788.800048828125,-786.7
"Bollinger_Reversion(20,2sd)",SHORT,2026-06-23 00:00:00,2026-07-09 00:00:00,3022.39990234375,2965.800048828125,281.3
"Bollinger_Reversion(20,2sd)",LONG,2026-07-30 00:00:00,2026-08-04 00:00:00,2906.60009765625,2992.39990234375,427.3
"ZScore_Reversion(20,z=2.0)",LONG,2017-08-10 00:00:00,2017-08-29 00:00:00,1398.5999755859375,1375.4000244140625,-117.7
"ZScore_Reversion(20,z=2.0)",SHORT,2017-09-28 00:00:00,2017-10-18 00:00:00,1486.0,1499.699951171875,-70.2
"ZScore_Reversion(20,z=2.0)",LONG,2017-10-31 00:00:00,2017-11-01 00:00:00,1490.9000244140625,1503.4000244140625,60.8
"ZScore_Reversion(20,z=2.0)",LONG,2017-11-08 00:00:00,2017-11-17 00:00:00,1476.0,1485.699951171875,46.8
"ZScore_Reversion(20,z=2.0)",SHORT,2017-11-22 00:00:00,2017-12-06 00:00:00,1517.9000244140625,1516.199951171875,6.8
"ZScore_Reversion(20,z=2.0)",SHORT,2017-12-19 00:00:00,2018-01-02 00:00:00,1552.199951171875,1538.800048828125,65.3
"ZScore_Reversion(20,z=2.0)",SHORT,2018-01-12 00:00:00,2018-01-31 00:00:00,1586.0,1586.300048828125,-3.2
"ZScore_Reversion(20,z=2.0)",LONG,2018-02-05 00:00:00,2018-02-16 00:00:00,1543.5,1539.0,-24.2
"ZScore_Reversion(20,z=2.0)",SHORT,2018-03-12 00:00:00,2018-04-03 00:00:00,1599.0,1495.199951171875,517.3
"ZScore_Reversion(20,z=2.0)",LONG,2018-04-03 00:00:00,2018-04-06 00:00:00,1495.199951171875,1545.5999755859375,250.3
"ZScore_Reversion(20,z=2.0)",SHORT,2018-05-10 00:00:00,2018-06-26 00:00:00,1598.199951171875,1662.5999755859375,-323.7
"ZScore_Reversion(20,z=2.0)",LONG,2018-07-31 00:00:00,2018-08-03 00:00:00,1656.199951171875,1685.5,144.8
"ZScore_Reversion(20,z=2.0)",SHORT,2018-08-22 00:00:00,2018-09-07 00:00:00,1712.5,1714.800048828125,-13.2
"ZScore_Reversion(20,z=2.0)",LONG,2018-09-27 00:00:00,2018-11-02 00:00:00,1696.199951171875,1537.699951171875,-794.2
"ZScore_Reversion(20,z=2.0)",LONG,2018-12-18 00:00:00,2019-01-07 00:00:00,1387.9000244140625,1384.4000244140625,-19.2
"ZScore_Reversion(20,z=2.0)",SHORT,2019-02-19 00:00:00,2019-03-06 00:00:00,1570.4000244140625,1567.5,12.8
"ZScore_Reversion(20,z=2.0)",LONG,2019-03-25 00:00:00,2019-03-29 00:00:00,1511.5,1540.199951171875,141.8
"ZScore_Reversion(20,z=2.0)",SHORT,2019-05-06 00:00:00,2019-05-08 00:00:00,1600.0,1589.0,53.3
"ZScore_Reversion(20,z=2.0)",LONG,2019-05-14 00:00:00,2019-06-10 00:00:00,1521.0,1519.5999755859375,-8.7
"ZScore_Reversion(20,z=2.0)",LONG,2019-08-05 00:00:00,2019-08-22 00:00:00,1535.0,1514.0,-106.7
"ZScore_Reversion(20,z=2.0)",SHORT,2019-09-11 00:00:00,2019-09-25 00:00:00,1545.0999755859375,1536.800048828125,39.8
"ZScore_Reversion(20,z=2.0)",LONG,2019-10-03 00:00:00,2019-10-14 00:00:00,1477.5999755859375,1510.4000244140625,162.3
"ZScore_Reversion(20,z=2.0)",SHORT,2019-11-26 00:00:00,2019-12-04 00:00:00,1623.300048828125,1604.300048828125,93.3
"ZScore_Reversion(20,z=2.0)",SHORT,2020-01-17 00:00:00,2020-02-03 00:00:00,1707.0999755859375,1613.5,466.3
"ZScore_Reversion(20,z=2.0)",LONG,2020-02-03 00:00:00,2020-02-05 00:00:00,1613.5,1661.0999755859375,236.3
"ZScore_Reversion(20,z=2.0)",LONG,2020-02-26 00:00:00,2020-03-27 00:00:00,1574.5999755859375,1176.4000244140625,-1992.7
"ZScore_Reversion(20,z=2.0)",SHORT,2020-04-13 00:00:00,2020-05-07 00:00:00,1265.0,1254.0,53.3
"ZScore_Reversion(20,z=2.0)",SHORT,2020-05-27 00:00:00,2020-06-12 00:00:00,1394.800048828125,1360.4000244140625,170.3
"ZScore_Reversion(20,z=2.0)",SHORT,2020-07-16 00:00:00,2020-08-24 00:00:00,1479.800048828125,1552.5999755859375,-365.7
"ZScore_Reversion(20,z=2.0)",LONG,2020-09-08 00:00:00,2020-09-16 00:00:00,1532.9000244140625,1541.300048828125,40.3
"ZScore_Reversion(20,z=2.0)",LONG,2020-09-22 00:00:00,2020-09-29 00:00:00,1479.5999755859375,1507.0999755859375,135.8
"ZScore_Reversion(20,z=2.0)",SHORT,2020-10-08 00:00:00,2020-10-22 00:00:00,1610.300048828125,1603.0,34.8
"ZScore_Reversion(20,z=2.0)",LONG,2020-11-02 00:00:00,2020-11-04 00:00:00,1537.0,1616.0,393.3
"ZScore_Reversion(20,z=2.0)",SHORT,2020-11-10 00:00:00,2020-12-30 00:00:00,1706.4000244140625,1957.0999755859373,-1255.2
"ZScore_Reversion(20,z=2.0)",SHORT,2021-01-07 00:00:00,2021-01-28 00:00:00,2061.39990234375,2101.699951171875,-203.2
"ZScore_Reversion(20,z=2.0)",SHORT,2021-02-05 00:00:00,2021-02-19 00:00:00,2201.60009765625,2221.10009765625,-99.2
"ZScore_Reversion(20,z=2.0)",LONG,2021-03-05 00:00:00,2021-03-10 00:00:00,2148.0,2247.39990234375,495.3
"ZScore_Reversion(20,z=2.0)",SHORT,2021-03-12 00:00:00,2021-03-19 00:00:00,2338.800048828125,2271.5,334.8
"ZScore_Reversion(20,z=2.0)",LONG,2021-05-13 00:00:00,2021-05-17 00:00:00,2126.5,2222.39990234375,477.8
"ZScore_Reversion(20,z=2.0)",LONG,2021-07-08 00:00:00,2021-07-22 00:00:00,2252.60009765625,2234.39990234375,-92.7
"ZScore_Reversion(20,z=2.0)",LONG,2021-08-18 00:00:00,2021-08-24 00:00:00,2171.60009765625,2209.0,185.3
"ZScore_Reversion(20,z=2.0)",LONG,2021-09-21 00:00:00,2021-09-24 00:00:00,2172.699951171875,2255.60009765625,412.8
"ZScore_Reversion(20,z=2.0)",SHORT,2021-11-02 00:00:00,2021-11-18 00:00:00,2356.0,2371.60009765625,-79.7
"ZScore_Reversion(20,z=2.0)",LONG,2021-11-29 00:00:00,2021-12-09 00:00:00,2231.10009765625,2269.0,187.8
"ZScore_Reversion(20,z=2.0)",LONG,2022-01-19 00:00:00,2022-02-02 00:00:00,2095.89990234375,2041.0999755859373,-275.7
"ZScore_Reversion(20,z=2.0)",LONG,2022-04-27 00:00:00,2022-05-05 00:00:00,1879.699951171875,1943.300048828125,316.3
"ZScore_Reversion(20,z=2.0)",LONG,2022-05-10 00:00:00,2022-05-18 00:00:00,1762.300048828125,1839.0999755859373,382.3
"ZScore_Reversion(20,z=2.0)",LONG,2022-06-14 00:00:00,2022-06-27 00:00:00,1716.199951171875,1763.5,234.8
"ZScore_Reversion(20,z=2.0)",SHORT,2022-07-20 00:00:00,2022-08-22 00:00:00,1800.800048828125,1955.5999755859373,-775.7
"ZScore_Reversion(20,z=2.0)",LONG,2022-09-23 00:00:00,2022-10-05 00:00:00,1730.4000244140625,1777.0,231.3
"ZScore_Reversion(20,z=2.0)",SHORT,2022-10-26 00:00:00,2022-11-04 00:00:00,1799.5,1781.5,88.3
"ZScore_Reversion(20,z=2.0)",LONG,2022-12-16 00:00:00,2022-12-30 00:00:00,1772.5999755859375,1773.199951171875,1.3
"ZScore_Reversion(20,z=2.0)",SHORT,2023-01-12 00:00:00,2023-02-10 00:00:00,1857.0999755859373,1923.800048828125,-335.2
"ZScore_Reversion(20,z=2.0)",LONG,2023-03-10 00:00:00,2023-03-30 00:00:00,1827.0999755859373,1783.199951171875,-221.2
"ZScore_Reversion(20,z=2.0)",LONG,2023-04-27 00:00:00,2023-05-02 00:00:00,1736.4000244140625,1772.0,176.3
"ZScore_Reversion(20,z=2.0)",SHORT,2023-05-23 00:00:00,2023-05-25 00:00:00,1802.800048828125,1775.0,137.3
"ZScore_Reversion(20,z=2.0)",SHORT,2023-06-05 00:00:00,2023-06-23 00:00:00,1835.800048828125,1866.300048828125,-154.2
"ZScore_Reversion(20,z=2.0)",SHORT,2023-07-13 00:00:00,2023-08-03 00:00:00,1948.800048828125,1975.800048828125,-136.7
"ZScore_Reversion(20,z=2.0)",LONG,2023-08-11 00:00:00,2023-08-30 00:00:00,1930.5,1898.9000244140625,-159.7
"ZScore_Reversion(20,z=2.0)",LONG,2023-09-22 00:00:00,2023-10-11 00:00:00,1798.300048828125,1789.800048828125,-44.2
"ZScore_Reversion(20,z=2.0)",LONG,2023-10-20 00:00:00,2023-11-03 00:00:00,1710.4000244140625,1720.800048828125,50.3
"ZScore_Reversion(20,z=2.0)",SHORT,2023-11-15 00:00:00,2024-01-04 00:00:00,1807.9000244140625,1979.800048828125,-861.2
"ZScore_Reversion(20,z=2.0)",SHORT,2024-02-13 00:00:00,2024-02-14 00:00:00,2054.10009765625,1972.300048828125,407.3
"ZScore_Reversion(20,z=2.0)",SHORT,2024-02-16 00:00:00,2024-02-21 00:00:00,2064.0,2013.0,253.3
"ZScore_Reversion(20,z=2.0)",SHORT,2024-03-22 00:00:00,2024-04-03 00:00:00,2125.300048828125,2087.199951171875,188.8
"ZScore_Reversion(20,z=2.0)",LONG,2024-04-16 00:00:00,2024-04-29 00:00:00,1992.199951171875,2019.0,132.3
"ZScore_Reversion(20,z=2.0)",SHORT,2024-07-12 00:00:00,2024-08-02 00:00:00,2148.300048828125,2195.89990234375,-239.7
"ZScore_Reversion(20,z=2.0)",LONG,2024-08-08 00:00:00,2024-08-16 00:00:00,2038.199951171875,2147.39990234375,544.3
"ZScore_Reversion(20,z=2.0)",SHORT,2024-10-17 00:00:00,2024-10-22 00:00:00,2303.89990234375,2252.5,255.3
"ZScore_Reversion(20,z=2.0)",SHORT,2024-11-07 00:00:00,2024-11-18 00:00:00,2404.10009765625,2317.699951171875,430.3
"ZScore_Reversion(20,z=2.0)",LONG,2024-12-19 00:00:00,2025-01-06 00:00:00,2232.60009765625,2286.89990234375,269.8
"ZScore_Reversion(20,z=2.0)",SHORT,2025-01-22 00:00:00,2025-02-03 00:00:00,2327.800048828125,2248.0,397.3
"ZScore_Reversion(20,z=2.0)",LONG,2025-02-24 00:00:00,2025-03-20 00:00:00,2202.39990234375,2084.39990234375,-591.7
"ZScore_Reversion(20,z=2.0)",LONG,2025-04-04 00:00:00,2025-04-23 00:00:00,1921.800048828125,1925.0,14.3
"ZScore_Reversion(20,z=2.0)",SHORT,2025-05-13 00:00:00,2025-05-22 00:00:00,2102.89990234375,2050.199951171875,261.8
"ZScore_Reversion(20,z=2.0)",SHORT,2025-06-11 00:00:00,2025-06-16 00:00:00,2159.699951171875,2094.800048828125,322.8
"ZScore_Reversion(20,z=2.0)",SHORT,2025-07-02 00:00:00,2025-07-16 00:00:00,2213.89990234375,2213.5,0.3
"ZScore_Reversion(20,z=2.0)",LONG,2025-08-04 00:00:00,2025-08-14 00:00:00,2173.39990234375,2332.300048828125,792.8
"ZScore_Reversion(20,z=2.0)",SHORT,2025-08-14 00:00:00,2025-08-21 00:00:00,2332.300048828125,2276.60009765625,276.8
"ZScore_Reversion(20,z=2.0)",SHORT,2025-08-25 00:00:00,2025-09-26 00:00:00,2369.300048828125,2431.699951171875,-313.7
"ZScore_Reversion(20,z=2.0)",SHORT,2025-10-16 00:00:00,2025-10-17 00:00:00,2533.89990234375,2479.39990234375,270.8
"ZScore_Reversion(20,z=2.0)",LONG,2025-11-14 00:00:00,2025-11-25 00:00:00,2393.5,2422.39990234375,142.8
"ZScore_Reversion(20,z=2.0)",SHORT,2026-01-12 00:00:00,2026-01-29 00:00:00,2638.89990234375,2663.10009765625,-122.7
"ZScore_Reversion(20,z=2.0)",LONG,2026-02-06 00:00:00,2026-02-09 00:00:00,2585.699951171875,2677.0,454.8
"ZScore_Reversion(20,z=2.0)",LONG,2026-03-06 00:00:00,2026-03-26 00:00:00,2585.39990234375,2549.39990234375,-181.7
"ZScore_Reversion(20,z=2.0)",SHORT,2026-04-09 00:00:00,2026-04-30 00:00:00,2631.800048828125,2739.0,-537.7
"ZScore_Reversion(20,z=2.0)",SHORT,2026-06-23 00:00:00,2026-07-08 00:00:00,3022.39990234375,2994.300048828125,138.8
"ZScore_Reversion(20,z=2.0)",LONG,2026-07-30 00:00:00,2026-08-05 00:00:00,2906.60009765625,3049.10009765625,710.8
"ATR_Vol_Breakout(14,k=1.5)",SHORT,2017-08-11 00:00:00,2017-09-28 00:00:00,1367.800048828125,1486.0,-592.7
"ATR_Vol_Breakout(14,k=1.5)",LONG,2017-09-28 00:00:00,2018-02-05 00:00:00,1486.0,1543.5,285.8
"ATR_Vol_Breakout(14,k=1.5)",SHORT,2018-02-05 00:00:00,2018-02-07 00:00:00,1543.5,1502.199951171875,204.8
"ATR_Vol_Breakout(14,k=1.5)",LONG,2018-02-07 00:00:00,2018-03-23 00:00:00,1502.199951171875,1547.0,222.3
"ATR_Vol_Breakout(14,k=1.5)",SHORT,2018-03-23 00:00:00,2018-10-17 00:00:00,1547.0,1598.800048828125,-260.7
"ATR_Vol_Breakout(14,k=1.5)",LONG,2018-10-17 00:00:00,2018-10-25 00:00:00,1598.800048828125,1478.300048828125,-604.2
"ATR_Vol_Breakout(14,k=1.5)",SHORT,2018-10-25 00:00:00,2018-12-27 00:00:00,1478.300048828125,1329.4000244140625,742.8
"ATR_Vol_Breakout(14,k=1.5)",LONG,2018-12-27 00:00:00,2019-03-07 00:00:00,1329.4000244140625,1537.0999755859375,1036.8
"ATR_Vol_Breakout(14,k=1.5)",SHORT,2019-03-07 00:00:00,2019-11-26 00:00:00,1537.0999755859375,1623.300048828125,-432.7
"ATR_Vol_Breakout(14,k=1.5)",LONG,2019-11-26 00:00:00,2020-02-03 00:00:00,1623.300048828125,1613.5,-50.7
"ATR_Vol_Breakout(14,k=1.5)",SHORT,2020-02-03 00:00:00,2021-01-07 00:00:00,1613.5,2061.39990234375,-2241.2
"ATR_Vol_Breakout(14,k=1.5)",LONG,2021-01-07 00:00:00,2021-09-21 00:00:00,2061.39990234375,2172.699951171875,554.8
"ATR_Vol_Breakout(14,k=1.5)",SHORT,2021-09-21 00:00:00,2021-11-02 00:00:00,2172.699951171875,2356.0,-918.2
"ATR_Vol_Breakout(14,k=1.5)",LONG,2021-11-02 00:00:00,2021-11-29 00:00:00,2356.0,2231.10009765625,-626.2
"ATR_Vol_Breakout(14,k=1.5)",SHORT,2021-11-29 00:00:00,2022-11-11 00:00:00,2231.10009765625,1877.800048828125,1764.8
"ATR_Vol_Breakout(14,k=1.5)",LONG,2022-11-11 00:00:00,2024-02-14 00:00:00,1877.800048828125,1972.300048828125,470.8
"ATR_Vol_Breakout(14,k=1.5)",SHORT,2024-02-14 00:00:00,2024-07-12 00:00:00,1972.300048828125,2148.300048828125,-881.7
"ATR_Vol_Breakout(14,k=1.5)",LONG,2024-07-12 00:00:00,2024-08-02 00:00:00,2148.300048828125,2195.89990234375,236.3
"ATR_Vol_Breakout(14,k=1.5)",SHORT,2024-08-02 00:00:00,2024-11-07 00:00:00,2195.89990234375,2404.10009765625,-1042.7
"ATR_Vol_Breakout(14,k=1.5)",LONG,2024-11-07 00:00:00,2024-12-19 00:00:00,2404.10009765625,2232.60009765625,-859.2
"ATR_Vol_Breakout(14,k=1.5)",SHORT,2024-12-19 00:00:00,2025-03-25 00:00:00,2232.60009765625,2121.89990234375,551.8
"ATR_Vol_Breakout(14,k=1.5)",LONG,2025-03-25 00:00:00,2025-04-04 00:00:00,2121.89990234375,1921.800048828125,-1002.2
"ATR_Vol_Breakout(14,k=1.5)",SHORT,2025-04-04 00:00:00,2025-04-10 00:00:00,1921.800048828125,1933.300048828125,-59.2
"ATR_Vol_Breakout(14,k=1.5)",LONG,2025-04-10 00:00:00,2025-10-13 00:00:00,1933.300048828125,2421.60009765625,2439.8
"ATR_Vol_Breakout(14,k=1.5)",SHORT,2025-10-13 00:00:00,2025-10-14 00:00:00,2421.60009765625,2473.300048828125,-260.2
"ATR_Vol_Breakout(14,k=1.5)",LONG,2025-10-14 00:00:00,2026-06-08 00:00:00,2473.300048828125,2816.300048828125,1713.3
"Supertrend(10,m=3.0)",SHORT,2017-07-24 00:00:00,2017-09-05 00:00:00,1434.9000244140625,1404.5,150.3
"Supertrend(10,m=3.0)",LONG,2017-09-05 00:00:00,2017-11-15 00:00:00,1404.5,1469.800048828125,324.8
"Supertrend(10,m=3.0)",SHORT,2017-11-15 00:00:00,2017-11-22 00:00:00,1469.800048828125,1517.9000244140625,-242.2
"Supertrend(10,m=3.0)",LONG,2017-11-22 00:00:00,2018-02-05 00:00:00,1517.9000244140625,1543.5,126.3
"Supertrend(10,m=3.0)",SHORT,2018-02-05 00:00:00,2018-03-12 00:00:00,1543.5,1599.0,-279.2
"Supertrend(10,m=3.0)",LONG,2018-03-12 00:00:00,2018-04-03 00:00:00,1599.0,1495.199951171875,-520.7
"Supertrend(10,m=3.0)",SHORT,2018-04-03 00:00:00,2018-05-11 00:00:00,1495.199951171875,1604.300048828125,-547.2
"Supertrend(10,m=3.0)",LONG,2018-05-11 00:00:00,2018-06-28 00:00:00,1604.300048828125,1643.0,191.8
"Supertrend(10,m=3.0)",SHORT,2018-06-28 00:00:00,2018-07-10 00:00:00,1643.0,1710.699951171875,-340.2
"Supertrend(10,m=3.0)",LONG,2018-07-10 00:00:00,2018-10-02 00:00:00,1710.699951171875,1679.699951171875,-156.7
"Supertrend(10,m=3.0)",SHORT,2018-10-02 00:00:00,2019-01-09 00:00:00,1679.699951171875,1424.0,1276.8
"Supertrend(10,m=3.0)",LONG,2019-01-09 00:00:00,2019-03-07 00:00:00,1424.0,1537.0999755859375,563.8
"Supertrend(10,m=3.0)",SHORT,2019-03-07 00:00:00,2019-04-08 00:00:00,1537.0999755859375,1587.800048828125,-255.2
"Supertrend(10,m=3.0)",LONG,2019-04-08 00:00:00,2019-05-14 00:00:00,1587.800048828125,1521.0,-335.7
"Supertrend(10,m=3.0)",SHORT,2019-05-14 00:00:00,2019-06-19 00:00:00,1521.0,1551.199951171875,-152.7
"Supertrend(10,m=3.0)",LONG,2019-06-19 00:00:00,2019-08-06 00:00:00,1551.199951171875,1473.800048828125,-388.7
"Supertrend(10,m=3.0)",SHORT,2019-08-06 00:00:00,2019-09-12 00:00:00,1473.800048828125,1579.5,-530.2
"Supertrend(10,m=3.0)",LONG,2019-09-12 00:00:00,2019-10-02 00:00:00,1579.5,1494.9000244140625,-424.7
"Supertrend(10,m=3.0)",SHORT,2019-10-02 00:00:00,2019-10-29 00:00:00,1494.9000244140625,1575.5999755859375,-405.2
"Supertrend(10,m=3.0)",LONG,2019-10-29 00:00:00,2020-01-28 00:00:00,1575.5999755859375,1644.5999755859375,343.3
"Supertrend(10,m=3.0)",SHORT,2020-01-28 00:00:00,2020-04-30 00:00:00,1644.5999755859375,1368.5,1378.8
"Supertrend(10,m=3.0)",LONG,2020-04-30 00:00:00,2020-06-12 00:00:00,1368.5,1360.4000244140625,-42.2
"Supertrend(10,m=3.0)",SHORT,2020-06-12 00:00:00,2020-08-10 00:00:00,1360.4000244140625,1568.5999755859375,-1042.7
"Supertrend(10,m=3.0)",LONG,2020-08-10 00:00:00,2020-09-14 00:00:00,1568.5999755859375,1500.4000244140625,-342.7
"Supertrend(10,m=3.0)",SHORT,2020-09-14 00:00:00,2020-10-06 00:00:00,1500.4000244140625,1576.0,-379.7
"Supertrend(10,m=3.0)",LONG,2020-10-06 00:00:00,2021-03-25 00:00:00,1576.0,2137.10009765625,2803.8
"Supertrend(10,m=3.0)",SHORT,2021-03-25 00:00:00,2021-06-08 00:00:00,2137.10009765625,2319.0,-911.2
"Supertrend(10,m=3.0)",LONG,2021-06-08 00:00:00,2021-07-15 00:00:00,2319.0,2199.0,-601.7
"Supertrend(10,m=3.0)",SHORT,2021-07-15 00:00:00,2021-08-30 00:00:00,2199.0,2280.0,-406.7
"Supertrend(10,m=3.0)",LONG,2021-08-30 00:00:00,2021-09-21 00:00:00,2280.0,2172.699951171875,-538.2
"Supertrend(10,m=3.0)",SHORT,2021-09-21 00:00:00,2021-11-02 00:00:00,2172.699951171875,2356.0,-918.2
"Supertrend(10,m=3.0)",LONG,2021-11-02 00:00:00,2021-11-29 00:00:00,2356.0,2231.10009765625,-626.2
"Supertrend(10,m=3.0)",SHORT,2021-11-29 00:00:00,2022-07-22 00:00:00,2231.10009765625,1833.4000244140625,1986.8
"Supertrend(10,m=3.0)",LONG,2022-07-22 00:00:00,2022-08-30 00:00:00,1833.4000244140625,1883.4000244140625,248.3
"Supertrend(10,m=3.0)",SHORT,2022-08-30 00:00:00,2022-10-31 00:00:00,1883.4000244140625,1852.5,152.8
"Supertrend(10,m=3.0)",LONG,2022-10-31 00:00:00,2022-12-19 00:00:00,1852.5,1770.5999755859375,-411.2
"Supertrend(10,m=3.0)",SHORT,2022-12-19 00:00:00,2023-01-13 00:00:00,1770.5999755859375,1886.0,-578.7
"Supertrend(10,m=3.0)",LONG,2023-01-13 00:00:00,2023-03-10 00:00:00,1886.0,1827.0999755859373,-296.2
"Supertrend(10,m=3.0)",SHORT,2023-03-10 00:00:00,2023-06-07 00:00:00,1827.0999755859373,1858.5999755859373,-159.2
"Supertrend(10,m=3.0)",LONG,2023-06-07 00:00:00,2023-08-16 00:00:00,1858.5999755859373,1903.300048828125,221.8
"Supertrend(10,m=3.0)",SHORT,2023-08-16 00:00:00,2023-11-06 00:00:00,1903.300048828125,1767.300048828125,678.3
"Supertrend(10,m=3.0)",LONG,2023-11-06 00:00:00,2024-01-08 00:00:00,1767.300048828125,1969.199951171875,1007.8
"Supertrend(10,m=3.0)",SHORT,2024-01-08 00:00:00,2024-02-13 00:00:00,1969.199951171875,2054.10009765625,-426.2
"Supertrend(10,m=3.0)",LONG,2024-02-13 00:00:00,2024-04-15 00:00:00,2054.10009765625,2019.800048828125,-173.2
"Supertrend(10,m=3.0)",SHORT,2024-04-15 00:00:00,2024-05-10 00:00:00,2019.800048828125,2085.300048828125,-329.2
"Supertrend(10,m=3.0)",LONG,2024-05-10 00:00:00,2024-06-17 00:00:00,2085.300048828125,2010.0,-378.2
"Supertrend(10,m=3.0)",SHORT,2024-06-17 00:00:00,2024-07-12 00:00:00,2010.0,2148.300048828125,-693.2
"Supertrend(10,m=3.0)",LONG,2024-07-12 00:00:00,2024-08-05 00:00:00,2148.300048828125,2097.5,-255.7
"Supertrend(10,m=3.0)",SHORT,2024-08-05 00:00:00,2024-09-20 00:00:00,2097.5,2255.10009765625,-789.7
"Supertrend(10,m=3.0)",LONG,2024-09-20 00:00:00,2024-12-19 00:00:00,2255.10009765625,2232.60009765625,-114.2
"Supertrend(10,m=3.0)",SHORT,2024-12-19 00:00:00,2025-01-22 00:00:00,2232.60009765625,2327.800048828125,-477.7
"Supertrend(10,m=3.0)",LONG,2025-01-22 00:00:00,2025-02-24 00:00:00,2327.800048828125,2202.39990234375,-628.7
"Supertrend(10,m=3.0)",SHORT,2025-02-24 00:00:00,2025-05-13 00:00:00,2202.39990234375,2102.89990234375,495.8
"Supertrend(10,m=3.0)",LONG,2025-05-13 00:00:00,2025-11-14 00:00:00,2102.89990234375,2393.5,1451.3
"Supertrend(10,m=3.0)",SHORT,2025-11-14 00:00:00,2025-12-01 00:00:00,2393.5,2501.0,-539.2
"Supertrend(10,m=3.0)",LONG,2025-12-01 00:00:00,2026-02-06 00:00:00,2501.0,2585.699951171875,421.8
"Supertrend(10,m=3.0)",SHORT,2026-02-06 00:00:00,2026-04-14 00:00:00,2585.699951171875,2688.199951171875,-514.2
"VWAP_Reversion(20,2%)",LONG,2017-08-11 00:00:00,2017-08-29 00:00:00,1367.800048828125,1375.4000244140625,36.3
"VWAP_Reversion(20,2%)",SHORT,2017-09-05 00:00:00,2017-10-24 00:00:00,1404.5,1496.5999755859375,-462.2
"VWAP_Reversion(20,2%)",SHORT,2017-11-22 00:00:00,2017-12-07 00:00:00,1517.9000244140625,1509.0,42.8
"VWAP_Reversion(20,2%)",SHORT,2018-01-12 00:00:00,2018-01-31 00:00:00,1586.0,1586.300048828125,-3.2
"VWAP_Reversion(20,2%)",LONG,2018-02-05 00:00:00,2018-02-21 00:00:00,1543.5,1530.5999755859375,-66.2
"VWAP_Reversion(20,2%)",SHORT,2018-02-26 00:00:00,2018-03-01 00:00:00,1552.300048828125,1512.0,199.8
"VWAP_Reversion(20,2%)",SHORT,2018-03-06 00:00:00,2018-03-26 00:00:00,1543.199951171875,1518.4000244140625,122.3
"VWAP_Reversion(20,2%)",LONG,2018-03-26 00:00:00,2018-04-11 00:00:00,1518.4000244140625,1544.9000244140625,130.8
"VWAP_Reversion(20,2%)",SHORT,2018-04-18 00:00:00,2018-05-01 00:00:00,1582.800048828125,1543.0,197.3
"VWAP_Reversion(20,2%)",SHORT,2018-05-10 00:00:00,2018-06-27 00:00:00,1598.199951171875,1673.199951171875,-376.7
"VWAP_Reversion(20,2%)",SHORT,2018-08-22 00:00:00,2018-09-07 00:00:00,1712.5,1714.800048828125,-13.2
"VWAP_Reversion(20,2%)",LONG,2018-10-03 00:00:00,2018-11-02 00:00:00,1660.800048828125,1537.699951171875,-617.2
"VWAP_Reversion(20,2%)",SHORT,2018-11-08 00:00:00,2018-11-16 00:00:00,1584.0,1526.5999755859375,285.3
"VWAP_Reversion(20,2%)",LONG,2018-11-21 00:00:00,2018-11-29 00:00:00,1466.199951171875,1525.5,294.8
"VWAP_Reversion(20,2%)",LONG,2018-12-06 00:00:00,2019-01-07 00:00:00,1489.5999755859375,1384.4000244140625,-527.7
"VWAP_Reversion(20,2%)",SHORT,2019-01-08 00:00:00,2019-03-08 00:00:00,1406.800048828125,1524.0,-587.7
"VWAP_Reversion(20,2%)",LONG,2019-03-08 00:00:00,2019-03-14 00:00:00,1524.0,1558.0,168.3
"VWAP_Reversion(20,2%)",LONG,2019-03-25 00:00:00,2019-03-29 00:00:00,1511.5,1540.199951171875,141.8
"VWAP_Reversion(20,2%)",SHORT,2019-04-08 00:00:00,2019-04-23 00:00:00,1587.800048828125,1564.5,114.8
"VWAP_Reversion(20,2%)",SHORT,2019-05-06 00:00:00,2019-05-08 00:00:00,1600.0,1589.0,53.3
"VWAP_Reversion(20,2%)",LONG,2019-05-14 00:00:00,2019-06-10 00:00:00,1521.0,1519.5999755859375,-8.7
"VWAP_Reversion(20,2%)",SHORT,2019-06-19 00:00:00,2019-06-27 00:00:00,1551.199951171875,1520.5,151.8
"VWAP_Reversion(20,2%)",SHORT,2019-06-28 00:00:00,2019-07-17 00:00:00,1550.699951171875,1564.4000244140625,-70.2
"VWAP_Reversion(20,2%)",LONG,2019-08-06 00:00:00,2019-08-22 00:00:00,1473.800048828125,1514.0,199.3
"VWAP_Reversion(20,2%)",LONG,2019-08-26 00:00:00,2019-08-30 00:00:00,1448.699951171875,1496.5999755859375,237.8
"VWAP_Reversion(20,2%)",SHORT,2019-09-10 00:00:00,2019-09-25 00:00:00,1522.0999755859375,1536.800048828125,-75.2
"VWAP_Reversion(20,2%)",LONG,2019-10-02 00:00:00,2019-10-22 00:00:00,1494.9000244140625,1551.5,281.3
"VWAP_Reversion(20,2%)",SHORT,2019-10-22 00:00:00,2019-11-21 00:00:00,1551.5,1590.199951171875,-195.2
"VWAP_Reversion(20,2%)",SHORT,2019-11-26 00:00:00,2019-12-03 00:00:00,1623.300048828125,1609.0,69.8
"VWAP_Reversion(20,2%)",SHORT,2019-12-18 00:00:00,2020-01-07 00:00:00,1657.4000244140625,1663.5,-32.2
"VWAP_Reversion(20,2%)",SHORT,2020-01-17 00:00:00,2020-02-03 00:00:00,1707.0999755859375,1613.5,466.3
"VWAP_Reversion(20,2%)",LONG,2020-02-03 00:00:00,2020-02-05 00:00:00,1613.5,1661.0999755859375,236.3
"VWAP_Reversion(20,2%)",LONG,2020-02-25 00:00:00,2020-04-07 00:00:00,1625.699951171875,1125.800048828125,-2501.2
"VWAP_Reversion(20,2%)",SHORT,2020-04-09 00:00:00,2020-05-14 00:00:00,1183.699951171875,1234.5,-255.7
"VWAP_Reversion(20,2%)",LONG,2020-05-14 00:00:00,2020-05-19 00:00:00,1234.5,1331.0999755859375,481.3
"VWAP_Reversion(20,2%)",SHORT,2020-05-19 00:00:00,2020-06-12 00:00:00,1331.0999755859375,1360.4000244140625,-148.2
"VWAP_Reversion(20,2%)",LONG,2020-06-12 00:00:00,2020-06-17 00:00:00,1360.4000244140625,1450.0999755859375,446.8
"VWAP_Reversion(20,2%)",SHORT,2020-06-17 00:00:00,2020-06-19 00:00:00,1450.0999755859375,1421.4000244140625,141.8
"VWAP_Reversion(20,2%)",LONG,2020-06-25 00:00:00,2020-06-30 00:00:00,1394.699951171875,1422.4000244140625,136.8
"VWAP_Reversion(20,2%)",SHORT,2020-07-16 00:00:00,2020-09-01 00:00:00,1479.800048828125,1560.300048828125,-404.2
"VWAP_Reversion(20,2%)",LONG,2020-09-08 00:00:00,2020-09-16 00:00:00,1532.9000244140625,1541.300048828125,40.3
"VWAP_Reversion(20,2%)",LONG,2020-09-22 00:00:00,2020-10-06 00:00:00,1479.5999755859375,1576.0,480.3
"VWAP_Reversion(20,2%)",SHORT,2020-10-06 00:00:00,2020-10-28 00:00:00,1576.0,1577.5999755859375,-9.7
"VWAP_Reversion(20,2%)",LONG,2020-10-29 00:00:00,2020-11-06 00:00:00,1544.4000244140625,1658.800048828125,570.3
"VWAP_Reversion(20,2%)",SHORT,2020-11-06 00:00:00,2021-01-05 00:00:00,1658.800048828125,1948.300048828125,-1449.2
"VWAP_Reversion(20,2%)",SHORT,2021-01-07 00:00:00,2021-01-29 00:00:00,2061.39990234375,2095.5,-172.2
"VWAP_Reversion(20,2%)",SHORT,2021-02-05 00:00:00,2021-03-03 00:00:00,2201.60009765625,2232.300048828125,-155.2
"VWAP_Reversion(20,2%)",LONG,2021-03-05 00:00:00,2021-03-11 00:00:00,2148.0,2293.199951171875,724.3
"VWAP_Reversion(20,2%)",SHORT,2021-03-11 00:00:00,2021-03-24 00:00:00,2293.199951171875,2185.5,536.8
"VWAP_Reversion(20,2%)",LONG,2021-03-24 00:00:00,2021-04-01 00:00:00,2185.5,2215.5,148.3
"VWAP_Reversion(20,2%)",SHORT,2021-04-27 00:00:00,2021-05-05 00:00:00,2296.89990234375,2246.0,252.8
"VWAP_Reversion(20,2%)",LONG,2021-05-13 00:00:00,2021-05-17 00:00:00,2126.5,2222.39990234375,477.8
"VWAP_Reversion(20,2%)",SHORT,2021-05-28 00:00:00,2021-06-18 00:00:00,2279.199951171875,2289.699951171875,-54.2
"VWAP_Reversion(20,2%)",LONG,2021-07-08 00:00:00,2021-07-22 00:00:00,2252.60009765625,2234.39990234375,-92.7
"VWAP_Reversion(20,2%)",SHORT,2021-08-12 00:00:00,2021-08-19 00:00:00,2248.89990234375,2148.800048828125,498.8
"VWAP_Reversion(20,2%)",LONG,2021-08-19 00:00:00,2021-08-24 00:00:00,2148.800048828125,2209.0,299.3
"VWAP_Reversion(20,2%)",SHORT,2021-08-30 00:00:00,2021-09-13 00:00:00,2280.0,2230.10009765625,247.8
"VWAP_Reversion(20,2%)",LONG,2021-09-21 00:00:00,2021-09-27 00:00:00,2172.699951171875,2245.89990234375,364.3
"VWAP_Reversion(20,2%)",SHORT,2021-10-15 00:00:00,2021-10-28 00:00:00,2274.60009765625,2254.0,101.3
"VWAP_Reversion(20,2%)",SHORT,2021-11-02 00:00:00,2021-11-19 00:00:00,2356.0,2363.89990234375,-41.2
"VWAP_Reversion(20,2%)",LONG,2021-11-29 00:00:00,2021-12-09 00:00:00,2231.10009765625,2269.0,187.8
"VWAP_Reversion(20,2%)",LONG,2021-12-10 00:00:00,2021-12-22 00:00:00,2219.0,2203.0,-81.7
"VWAP_Reversion(20,2%)",SHORT,2021-12-28 00:00:00,2022-01-07 00:00:00,2259.10009765625,2207.699951171875,255.3
"VWAP_Reversion(20,2%)",LONG,2022-01-19 00:00:00,2022-02-09 00:00:00,2095.89990234375,2042.0,-271.2
"VWAP_Reversion(20,2%)",SHORT,2022-02-10 00:00:00,2022-02-14 00:00:00,2079.39990234375,2028.300048828125,253.8
"VWAP_Reversion(20,2%)",SHORT,2022-02-16 00:00:00,2022-02-22 00:00:00,2072.60009765625,1997.5999755859373,373.3
"VWAP_Reversion(20,2%)",LONG,2022-02-24 00:00:00,2022-03-10 00:00:00,1941.199951171875,2014.0999755859373,362.8
"VWAP_Reversion(20,2%)",LONG,2022-03-15 00:00:00,2022-03-18 00:00:00,1945.0,2058.0,563.3
"VWAP_Reversion(20,2%)",SHORT,2022-03-18 00:00:00,2022-04-06 00:00:00,2058.0,2045.0,63.3
"VWAP_Reversion(20,2%)",LONG,2022-04-11 00:00:00,2022-04-21 00:00:00,1994.199951171875,2040.0,227.3
"VWAP_Reversion(20,2%)",LONG,2022-04-22 00:00:00,2022-05-05 00:00:00,1986.0999755859373,1943.300048828125,-215.7
"VWAP_Reversion(20,2%)",LONG,2022-05-06 00:00:00,2022-05-31 00:00:00,1873.800048828125,1891.0999755859373,84.8
"VWAP_Reversion(20,2%)",SHORT,2022-05-31 00:00:00,2022-06-14 00:00:00,1891.0999755859373,1716.199951171875,872.8
"VWAP_Reversion(20,2%)",LONG,2022-06-14 00:00:00,2022-07-12 00:00:00,1716.199951171875,1735.800048828125,96.3
"VWAP_Reversion(20,2%)",SHORT,2022-07-20 00:00:00,2022-08-25 00:00:00,1800.800048828125,1939.5999755859373,-695.7
"VWAP_Reversion(20,2%)",LONG,2022-08-29 00:00:00,2022-09-13 00:00:00,1882.699951171875,1909.800048828125,133.8
"VWAP_Reversion(20,2%)",LONG,2022-09-14 00:00:00,2022-10-06 00:00:00,1831.0,1769.0,-311.7
"VWAP_Reversion(20,2%)",LONG,2022-10-10 00:00:00,2022-10-19 00:00:00,1701.699951171875,1771.9000244140625,349.3
"VWAP_Reversion(20,2%)",SHORT,2022-10-19 00:00:00,2022-10-21 00:00:00,1771.9000244140625,1713.800048828125,288.8
"VWAP_Reversion(20,2%)",SHORT,2022-10-25 00:00:00,2022-11-29 00:00:00,1753.199951171875,1834.699951171875,-409.2
"VWAP_Reversion(20,2%)",SHORT,2022-12-01 00:00:00,2022-12-07 00:00:00,1896.4000244140625,1814.0,410.3
"VWAP_Reversion(20,2%)",LONG,2022-12-07 00:00:00,2023-01-05 00:00:00,1814.0,1781.4000244140625,-164.7
"VWAP_Reversion(20,2%)",SHORT,2023-01-11 00:00:00,2023-02-10 00:00:00,1831.0999755859373,1923.800048828125,-465.2
"VWAP_Reversion(20,2%)",LONG,2023-02-22 00:00:00,2023-03-06 00:00:00,1892.300048828125,1930.0999755859373,187.3
"VWAP_Reversion(20,2%)",LONG,2023-03-08 00:00:00,2023-03-30 00:00:00,1880.199951171875,1783.199951171875,-486.7
"VWAP_Reversion(20,2%)",SHORT,2023-04-14 00:00:00,2023-04-25 00:00:00,1806.0999755859373,1796.4000244140625,46.8
"VWAP_Reversion(20,2%)",LONG,2023-04-26 00:00:00,2023-05-08 00:00:00,1754.0999755859375,1765.5999755859375,55.8
"VWAP_Reversion(20,2%)",SHORT,2023-05-23 00:00:00,2023-05-25 00:00:00,1802.800048828125,1775.0,137.3
"VWAP_Reversion(20,2%)",SHORT,2023-06-05 00:00:00,2023-06-26 00:00:00,1835.800048828125,1835.0999755859373,1.8
"VWAP_Reversion(20,2%)",SHORT,2023-06-30 00:00:00,2023-07-10 00:00:00,1897.5999755859373,1876.699951171875,102.8
"VWAP_Reversion(20,2%)",SHORT,2023-07-12 00:00:00,2023-08-04 00:00:00,1927.300048828125,1969.699951171875,-213.7
"VWAP_Reversion(20,2%)",LONG,2023-08-11 00:00:00,2023-08-30 00:00:00,1930.5,1898.9000244140625,-159.7
"VWAP_Reversion(20,2%)",LONG,2023-09-21 00:00:00,2023-10-11 00:00:00,1826.0,1789.800048828125,-182.7
"VWAP_Reversion(20,2%)",LONG,2023-10-13 00:00:00,2023-10-18 00:00:00,1746.300048828125,1777.5,154.3
"VWAP_Reversion(20,2%)",LONG,2023-10-20 00:00:00,2023-11-03 00:00:00,1710.4000244140625,1720.800048828125,50.3
"VWAP_Reversion(20,2%)",SHORT,2023-11-06 00:00:00,2023-11-13 00:00:00,1767.300048828125,1709.0,289.8
"VWAP_Reversion(20,2%)",SHORT,2023-11-15 00:00:00,2024-01-04 00:00:00,1807.9000244140625,1979.800048828125,-861.2
"VWAP_Reversion(20,2%)",LONG,2024-01-12 00:00:00,2024-01-23 00:00:00,1966.699951171875,1997.699951171875,153.3
"VWAP_Reversion(20,2%)",SHORT,2024-01-30 00:00:00,2024-02-02 00:00:00,2019.0999755859373,1982.800048828125,179.8
"VWAP_Reversion(20,2%)",SHORT,2024-02-12 00:00:00,2024-02-14 00:00:00,2017.199951171875,1972.300048828125,222.8
"VWAP_Reversion(20,2%)",SHORT,2024-02-16 00:00:00,2024-02-22 00:00:00,2064.0,2002.699951171875,304.8
"VWAP_Reversion(20,2%)",SHORT,2024-02-28 00:00:00,2024-03-19 00:00:00,2059.10009765625,2050.89990234375,39.3
"VWAP_Reversion(20,2%)",SHORT,2024-03-22 00:00:00,2024-04-03 00:00:00,2125.300048828125,2087.199951171875,188.8
"VWAP_Reversion(20,2%)",LONG,2024-04-11 00:00:00,2024-04-30 00:00:00,2043.699951171875,2025.5999755859373,-92.2
"VWAP_Reversion(20,2%)",SHORT,2024-05-07 00:00:00,2024-05-24 00:00:00,2071.199951171875,2056.39990234375,72.3
"VWAP_Reversion(20,2%)",LONG,2024-06-10 00:00:00,2024-06-13 00:00:00,2027.699951171875,2060.199951171875,160.8
"VWAP_Reversion(20,2%)",LONG,2024-06-17 00:00:00,2024-06-25 00:00:00,2010.0,2053.60009765625,216.3
"VWAP_Reversion(20,2%)",SHORT,2024-07-12 00:00:00,2024-08-02 00:00:00,2148.300048828125,2195.89990234375,-239.7
"VWAP_Reversion(20,2%)",LONG,2024-08-05 00:00:00,2024-08-21 00:00:00,2097.5,2152.5,273.3
"VWAP_Reversion(20,2%)",SHORT,2024-08-26 00:00:00,2024-09-05 00:00:00,2228.199951171875,2144.0,419.3
"VWAP_Reversion(20,2%)",LONG,2024-09-09 00:00:00,2024-09-18 00:00:00,2091.0,2209.199951171875,589.3
"VWAP_Reversion(20,2%)",SHORT,2024-09-18 00:00:00,2024-10-09 00:00:00,2209.199951171875,2213.699951171875,-24.2
"VWAP_Reversion(20,2%)",SHORT,2024-10-17 00:00:00,2024-10-23 00:00:00,2303.89990234375,2242.10009765625,307.3
"VWAP_Reversion(20,2%)",SHORT,2024-11-07 00:00:00,2024-11-18 00:00:00,2404.10009765625,2317.699951171875,430.3
"VWAP_Reversion(20,2%)",SHORT,2024-11-25 00:00:00,2024-12-06 00:00:00,2430.0,2402.39990234375,136.3
"VWAP_Reversion(20,2%)",LONG,2024-12-18 00:00:00,2025-01-22 00:00:00,2333.89990234375,2327.800048828125,-32.2
"VWAP_Reversion(20,2%)",SHORT,2025-01-22 00:00:00,2025-02-04 00:00:00,2327.800048828125,2293.60009765625,169.3
"VWAP_Reversion(20,2%)",SHORT,2025-02-06 00:00:00,2025-02-10 00:00:00,2327.199951171875,2268.199951171875,293.3
"VWAP_Reversion(20,2%)",LONG,2025-02-24 00:00:00,2025-03-25 00:00:00,2202.39990234375,2121.89990234375,-404.2
"VWAP_Reversion(20,2%)",SHORT,2025-03-25 00:00:00,2025-04-03 00:00:00,2121.89990234375,1967.0,772.8
"VWAP_Reversion(20,2%)",LONG,2025-04-04 00:00:00,2025-04-23 00:00:00,1921.800048828125,1925.0,14.3
"VWAP_Reversion(20,2%)",SHORT,2025-04-25 00:00:00,2025-05-27 00:00:00,1966.300048828125,2043.0,-385.2
"VWAP_Reversion(20,2%)",SHORT,2025-05-28 00:00:00,2025-06-02 00:00:00,2096.89990234375,2060.199951171875,181.8
"VWAP_Reversion(20,2%)",SHORT,2025-06-09 00:00:00,2025-06-16 00:00:00,2136.0,2094.800048828125,204.3
"VWAP_Reversion(20,2%)",SHORT,2025-06-24 00:00:00,2025-07-30 00:00:00,2150.199951171875,2255.199951171875,-526.7
"VWAP_Reversion(20,2%)",LONG,2025-08-04 00:00:00,2025-08-13 00:00:00,2173.39990234375,2292.0,591.3
"VWAP_Reversion(20,2%)",SHORT,2025-08-13 00:00:00,2025-10-17 00:00:00,2292.0,2479.39990234375,-938.7
"VWAP_Reversion(20,2%)",SHORT,2025-10-28 00:00:00,2025-10-30 00:00:00,2532.60009765625,2498.699951171875,167.8
"VWAP_Reversion(20,2%)",LONG,2025-11-07 00:00:00,2025-11-25 00:00:00,2432.60009765625,2422.39990234375,-52.7
"VWAP_Reversion(20,2%)",SHORT,2025-11-26 00:00:00,2025-12-22 00:00:00,2471.300048828125,2550.0,-395.2
"VWAP_Reversion(20,2%)",SHORT,2025-12-23 00:00:00,2025-12-30 00:00:00,2575.39990234375,2537.10009765625,189.8
"VWAP_Reversion(20,2%)",SHORT,2026-01-07 00:00:00,2026-02-03 00:00:00,2596.5,2645.0,-244.2
"VWAP_Reversion(20,2%)",LONG,2026-02-06 00:00:00,2026-02-12 00:00:00,2585.699951171875,2679.10009765625,465.3
"VWAP_Reversion(20,2%)",LONG,2026-03-06 00:00:00,2026-03-26 00:00:00,2585.39990234375,2549.39990234375,-181.7
"VWAP_Reversion(20,2%)",LONG,2026-03-30 00:00:00,2026-04-01 00:00:00,2445.0,2508.800048828125,317.3
"VWAP_Reversion(20,2%)",SHORT,2026-04-09 00:00:00,2026-05-20 00:00:00,2631.800048828125,2752.699951171875,-606.2
"VWAP_Reversion(20,2%)",LONG,2026-05-20 00:00:00,2026-05-21 00:00:00,2752.699951171875,2818.199951171875,325.8
"VWAP_Reversion(20,2%)",SHORT,2026-05-27 00:00:00,2026-06-09 00:00:00,2925.300048828125,2857.10009765625,339.3
"VWAP_Reversion(20,2%)",SHORT,2026-06-12 00:00:00,2026-07-09 00:00:00,2922.10009765625,2965.800048828125,-220.2
"VWAP_Reversion(20,2%)",LONG,2026-07-30 00:00:00,2026-08-05 00:00:00,2906.60009765625,3049.10009765625,710.8
Engulfing_Reversal(0.3),LONG,2017-07-20 00:00:00,2017-07-24 00:00:00,1440.699951171875,1434.9000244140625,-30.7
Engulfing_Reversal(0.3),SHORT,2017-07-24 00:00:00,2017-08-25 00:00:00,1434.9000244140625,1374.199951171875,301.8
Engulfing_Reversal(0.3),LONG,2017-08-25 00:00:00,2017-11-08 00:00:00,1374.199951171875,1476.0,507.3
Engulfing_Reversal(0.3),SHORT,2017-11-08 00:00:00,2017-11-17 00:00:00,1476.0,1485.699951171875,-50.2
Engulfing_Reversal(0.3),LONG,2017-11-17 00:00:00,2017-12-13 00:00:00,1485.699951171875,1517.0,154.8
Engulfing_Reversal(0.3),SHORT,2017-12-13 00:00:00,2017-12-29 00:00:00,1517.0,1548.9000244140625,-161.2
Engulfing_Reversal(0.3),LONG,2017-12-29 00:00:00,2018-02-05 00:00:00,1548.9000244140625,1543.5,-28.7
Engulfing_Reversal(0.3),SHORT,2018-02-05 00:00:00,2018-03-05 00:00:00,1543.5,1525.5,88.3
Engulfing_Reversal(0.3),LONG,2018-03-05 00:00:00,2018-04-09 00:00:00,1525.5,1517.199951171875,-43.2
Engulfing_Reversal(0.3),SHORT,2018-04-09 00:00:00,2018-05-07 00:00:00,1517.199951171875,1566.800048828125,-249.7
Engulfing_Reversal(0.3),LONG,2018-05-07 00:00:00,2018-07-11 00:00:00,1566.800048828125,1692.5999755859375,627.3
Engulfing_Reversal(0.3),SHORT,2018-07-11 00:00:00,2018-08-10 00:00:00,1692.5999755859375,1691.9000244140625,1.8
Engulfing_Reversal(0.3),LONG,2018-08-10 00:00:00,2018-08-16 00:00:00,1691.9000244140625,1674.0,-91.2
Engulfing_Reversal(0.3),SHORT,2018-08-16 00:00:00,2018-09-04 00:00:00,1674.0,1743.699951171875,-350.2
Engulfing_Reversal(0.3),LONG,2018-09-04 00:00:00,2018-09-27 00:00:00,1743.699951171875,1696.199951171875,-239.2
Engulfing_Reversal(0.3),SHORT,2018-09-27 00:00:00,2018-10-17 00:00:00,1696.199951171875,1598.800048828125,485.3
Engulfing_Reversal(0.3),LONG,2018-10-17 00:00:00,2018-12-14 00:00:00,1598.800048828125,1434.9000244140625,-821.2
Engulfing_Reversal(0.3),SHORT,2018-12-14 00:00:00,2019-01-25 00:00:00,1434.9000244140625,1463.5999755859375,-145.2
Engulfing_Reversal(0.3),LONG,2019-01-25 00:00:00,2019-03-05 00:00:00,1463.5999755859375,1574.0999755859375,550.8
Engulfing_Reversal(0.3),SHORT,2019-03-05 00:00:00,2019-03-22 00:00:00,1574.0999755859375,1566.4000244140625,36.8
Engulfing_Reversal(0.3),LONG,2019-03-22 00:00:00,2019-07-09 00:00:00,1566.4000244140625,1563.4000244140625,-16.7
Engulfing_Reversal(0.3),SHORT,2019-07-09 00:00:00,2019-07-15 00:00:00,1563.4000244140625,1572.4000244140625,-46.7
Engulfing_Reversal(0.3),LONG,2019-07-15 00:00:00,2019-07-22 00:00:00,1572.4000244140625,1546.0999755859375,-133.2
Engulfing_Reversal(0.3),SHORT,2019-07-22 00:00:00,2019-08-22 00:00:00,1546.0999755859375,1514.0,158.8
Engulfing_Reversal(0.3),LONG,2019-08-22 00:00:00,2019-12-02 00:00:00,1514.0,1625.0999755859375,553.8
Engulfing_Reversal(0.3),SHORT,2019-12-02 00:00:00,2020-01-14 00:00:00,1625.0999755859375,1670.199951171875,-227.2
Engulfing_Reversal(0.3),LONG,2020-01-14 00:00:00,2020-01-27 00:00:00,1670.199951171875,1651.0999755859375,-97.2
Engulfing_Reversal(0.3),SHORT,2020-01-27 00:00:00,2020-03-03 00:00:00,1651.0999755859375,1509.5,706.3
Engulfing_Reversal(0.3),LONG,2020-03-03 00:00:00,2020-04-16 00:00:00,1509.5,1177.699951171875,-1660.7
Engulfing_Reversal(0.3),SHORT,2020-04-16 00:00:00,2020-05-08 00:00:00,1177.699951171875,1284.199951171875,-534.2
Engulfing_Reversal(0.3),LONG,2020-05-08 00:00:00,2020-07-10 00:00:00,1284.199951171875,1394.199951171875,548.3
Engulfing_Reversal(0.3),SHORT,2020-07-10 00:00:00,2020-07-22 00:00:00,1394.199951171875,1484.4000244140625,-452.7
Engulfing_Reversal(0.3),LONG,2020-07-22 00:00:00,2020-08-27 00:00:00,1484.4000244140625,1563.0,391.3
Engulfing_Reversal(0.3),SHORT,2020-08-27 00:00:00,2020-09-02 00:00:00,1563.0,1579.199951171875,-82.7
Engulfing_Reversal(0.3),LONG,2020-09-02 00:00:00,2020-09-24 00:00:00,1579.199951171875,1447.5,-660.2
Engulfing_Reversal(0.3),SHORT,2020-09-24 00:00:00,2020-10-08 00:00:00,1447.5,1610.300048828125,-815.7
Engulfing_Reversal(0.3),LONG,2020-10-08 00:00:00,2020-12-01 00:00:00,1610.300048828125,1825.199951171875,1072.8
Engulfing_Reversal(0.3),SHORT,2020-12-01 00:00:00,2020-12-09 00:00:00,1825.199951171875,1919.5999755859373,-473.7
Engulfing_Reversal(0.3),LONG,2020-12-09 00:00:00,2021-02-11 00:00:00,1919.5999755859373,2282.800048828125,1814.3
Engulfing_Reversal(0.3),SHORT,2021-02-11 00:00:00,2021-02-16 00:00:00,2282.800048828125,2295.10009765625,-63.2
Engulfing_Reversal(0.3),LONG,2021-02-16 00:00:00,2021-02-17 00:00:00,2295.10009765625,2270.699951171875,-123.7
Engulfing_Reversal(0.3),SHORT,2021-02-17 00:00:00,2021-05-21 00:00:00,2270.699951171875,2202.89990234375,337.3
Engulfing_Reversal(0.3),LONG,2021-05-21 00:00:00,2021-05-26 00:00:00,2202.89990234375,2210.39990234375,35.8
Engulfing_Reversal(0.3),SHORT,2021-05-26 00:00:00,2021-07-12 00:00:00,2210.39990234375,2275.39990234375,-326.7
Engulfing_Reversal(0.3),LONG,2021-07-12 00:00:00,2021-07-14 00:00:00,2275.39990234375,2234.699951171875,-205.2
Engulfing_Reversal(0.3),SHORT,2021-07-14 00:00:00,2021-07-29 00:00:00,2234.699951171875,2223.60009765625,53.8
Engulfing_Reversal(0.3),LONG,2021-07-29 00:00:00,2021-08-02 00:00:00,2223.60009765625,2226.5,12.8
Engulfing_Reversal(0.3),SHORT,2021-08-02 00:00:00,2021-08-06 00:00:00,2226.5,2231.5,-26.7
Engulfing_Reversal(0.3),LONG,2021-08-06 00:00:00,2021-08-27 00:00:00,2231.5,2213.800048828125,-90.2
Engulfing_Reversal(0.3),SHORT,2021-08-27 00:00:00,2021-08-30 00:00:00,2213.800048828125,2280.0,-332.7
Engulfing_Reversal(0.3),LONG,2021-08-30 00:00:00,2021-09-15 00:00:00,2280.0,2210.60009765625,-348.7
Engulfing_Reversal(0.3),SHORT,2021-09-15 00:00:00,2021-09-20 00:00:00,2210.60009765625,2223.10009765625,-64.2
Engulfing_Reversal(0.3),LONG,2021-09-20 00:00:00,2021-09-29 00:00:00,2223.10009765625,2228.199951171875,23.8
Engulfing_Reversal(0.3),SHORT,2021-09-29 00:00:00,2021-10-20 00:00:00,2228.199951171875,2273.89990234375,-230.2
Engulfing_Reversal(0.3),LONG,2021-10-20 00:00:00,2021-11-16 00:00:00,2273.89990234375,2400.89990234375,633.3
Engulfing_Reversal(0.3),SHORT,2021-11-16 00:00:00,2022-02-16 00:00:00,2400.89990234375,2072.60009765625,1639.8
Engulfing_Reversal(0.3),LONG,2022-02-16 00:00:00,2022-03-02 00:00:00,2072.60009765625,2009.699951171875,-316.2
Engulfing_Reversal(0.3),SHORT,2022-03-02 00:00:00,2022-05-18 00:00:00,2009.699951171875,1839.0999755859373,851.3
Engulfing_Reversal(0.3),LONG,2022-05-18 00:00:00,2022-05-19 00:00:00,1839.0999755859373,1772.5,-334.7
Engulfing_Reversal(0.3),SHORT,2022-05-19 00:00:00,2022-06-03 00:00:00,1772.5,1896.9000244140625,-623.7
Engulfing_Reversal(0.3),LONG,2022-06-03 00:00:00,2022-06-17 00:00:00,1896.9000244140625,1657.0,-1201.2
Engulfing_Reversal(0.3),SHORT,2022-06-17 00:00:00,2022-06-24 00:00:00,1657.0,1703.5,-234.2
Engulfing_Reversal(0.3),LONG,2022-06-24 00:00:00,2022-06-29 00:00:00,1703.5,1739.5999755859375,178.8
Engulfing_Reversal(0.3),SHORT,2022-06-29 00:00:00,2022-07-05 00:00:00,1739.5999755859375,1727.5,58.8
Engulfing_Reversal(0.3),LONG,2022-07-05 00:00:00,2022-07-12 00:00:00,1727.5,1735.800048828125,39.8
Engulfing_Reversal(0.3),SHORT,2022-07-12 00:00:00,2022-09-08 00:00:00,1735.800048828125,1828.5,-465.2
Engulfing_Reversal(0.3),LONG,2022-09-08 00:00:00,2022-09-14 00:00:00,1828.5,1831.0,10.8
Engulfing_Reversal(0.3),SHORT,2022-09-14 00:00:00,2022-09-20 00:00:00,1831.0,1822.4000244140625,41.3
Engulfing_Reversal(0.3),LONG,2022-09-20 00:00:00,2022-09-21 00:00:00,1822.4000244140625,1798.300048828125,-122.2
Engulfing_Reversal(0.3),SHORT,2022-09-21 00:00:00,2022-10-04 00:00:00,1798.300048828125,1719.0999755859375,394.3
Engulfing_Reversal(0.3),LONG,2022-10-04 00:00:00,2022-10-20 00:00:00,1719.0999755859375,1733.0,67.8
Engulfing_Reversal(0.3),SHORT,2022-10-20 00:00:00,2022-10-31 00:00:00,1733.0,1852.5,-599.2
Engulfing_Reversal(0.3),LONG,2022-10-31 00:00:00,2022-12-28 00:00:00,1852.5,1761.5,-456.7
Engulfing_Reversal(0.3),SHORT,2022-12-28 00:00:00,2022-12-30 00:00:00,1761.5,1773.199951171875,-60.2
Engulfing_Reversal(0.3),LONG,2022-12-30 00:00:00,2023-03-10 00:00:00,1773.199951171875,1827.0999755859373,267.8
Engulfing_Reversal(0.3),SHORT,2023-03-10 00:00:00,2023-03-17 00:00:00,1827.0999755859373,1768.300048828125,292.3
Engulfing_Reversal(0.3),LONG,2023-03-17 00:00:00,2023-03-23 00:00:00,1768.300048828125,1745.800048828125,-114.2
Engulfing_Reversal(0.3),SHORT,2023-03-23 00:00:00,2023-04-14 00:00:00,1745.800048828125,1806.0999755859373,-303.2
Engulfing_Reversal(0.3),LONG,2023-04-14 00:00:00,2023-05-12 00:00:00,1806.0999755859373,1750.4000244140625,-280.2
Engulfing_Reversal(0.3),SHORT,2023-05-12 00:00:00,2023-05-16 00:00:00,1750.4000244140625,1766.300048828125,-81.2
Engulfing_Reversal(0.3),LONG,2023-05-16 00:00:00,2023-05-22 00:00:00,1766.300048828125,1771.5999755859375,24.8
Engulfing_Reversal(0.3),SHORT,2023-05-22 00:00:00,2023-05-23 00:00:00,1771.5999755859375,1802.800048828125,-157.7
Engulfing_Reversal(0.3),LONG,2023-05-23 00:00:00,2023-06-15 00:00:00,1802.800048828125,1878.5999755859373,377.3
Engulfing_Reversal(0.3),SHORT,2023-06-15 00:00:00,2023-07-18 00:00:00,1878.5999755859373,1962.699951171875,-422.2
Engulfing_Reversal(0.3),LONG,2023-07-18 00:00:00,2023-07-21 00:00:00,1962.699951171875,1981.0999755859373,90.3
Engulfing_Reversal(0.3),SHORT,2023-07-21 00:00:00,2023-10-17 00:00:00,1981.0999755859373,1759.199951171875,1107.8
Engulfing_Reversal(0.3),LONG,2023-10-17 00:00:00,2023-10-30 00:00:00,1759.199951171875,1648.300048828125,-556.2
Engulfing_Reversal(0.3),SHORT,2023-10-30 00:00:00,2023-12-20 00:00:00,1648.300048828125,2042.699951171875,-1973.7
Engulfing_Reversal(0.3),LONG,2023-12-20 00:00:00,2024-03-15 00:00:00,2042.699951171875,2034.5,-42.7
Engulfing_Reversal(0.3),SHORT,2024-03-15 00:00:00,2024-04-29 00:00:00,2034.5,2019.0,75.8
Engulfing_Reversal(0.3),LONG,2024-04-29 00:00:00,2024-06-21 00:00:00,2019.0,2017.0,-11.7
Engulfing_Reversal(0.3),SHORT,2024-06-21 00:00:00,2024-06-28 00:00:00,2017.0,2061.39990234375,-223.7
Engulfing_Reversal(0.3),LONG,2024-06-28 00:00:00,2024-07-02 00:00:00,2061.39990234375,2049.199951171875,-62.7
Engulfing_Reversal(0.3),SHORT,2024-07-02 00:00:00,2024-07-09 00:00:00,2049.199951171875,2058.10009765625,-46.2
Engulfing_Reversal(0.3),LONG,2024-07-09 00:00:00,2024-07-25 00:00:00,2058.10009765625,2215.699951171875,786.3
Engulfing_Reversal(0.3),SHORT,2024-07-25 00:00:00,2024-08-09 00:00:00,2215.699951171875,2096.5,594.3
Engulfing_Reversal(0.3),LONG,2024-08-09 00:00:00,2024-08-21 00:00:00,2096.5,2152.5,278.3
Engulfing_Reversal(0.3),SHORT,2024-08-21 00:00:00,2024-08-30 00:00:00,2152.5,2213.89990234375,-308.7
Engulfing_Reversal(0.3),LONG,2024-08-30 00:00:00,2024-12-06 00:00:00,2213.89990234375,2402.39990234375,940.8
Engulfing_Reversal(0.3),SHORT,2024-12-06 00:00:00,2025-04-10 00:00:00,2402.39990234375,1933.300048828125,2343.8
Engulfing_Reversal(0.3),LONG,2025-04-10 00:00:00,2025-07-14 00:00:00,1933.300048828125,2237.800048828125,1520.8
Engulfing_Reversal(0.3),SHORT,2025-07-14 00:00:00,2025-08-13 00:00:00,2237.800048828125,2292.0,-272.7
Engulfing_Reversal(0.3),LONG,2025-08-13 00:00:00,2025-08-20 00:00:00,2292.0,2283.89990234375,-42.2
Engulfing_Reversal(0.3),SHORT,2025-08-20 00:00:00,2025-09-23 00:00:00,2283.89990234375,2481.800048828125,-991.2
Engulfing_Reversal(0.3),LONG,2025-09-23 00:00:00,2025-10-08 00:00:00,2481.800048828125,2477.199951171875,-24.7
Engulfing_Reversal(0.3),SHORT,2025-10-08 00:00:00,2026-02-09 00:00:00,2477.199951171875,2677.0,-1000.7
Engulfing_Reversal(0.3),LONG,2026-02-09 00:00:00,2026-05-05 00:00:00,2677.0,2803.39990234375,630.3
Engulfing_Reversal(0.3),SHORT,2026-05-05 00:00:00,2026-05-06 00:00:00,2803.39990234375,2847.699951171875,-223.2
Engulfing_Reversal(0.3),LONG,2026-05-06 00:00:00,2026-06-04 00:00:00,2847.699951171875,2892.800048828125,223.8
Engulfing_Reversal(0.3),SHORT,2026-06-04 00:00:00,2026-06-05 00:00:00,2892.800048828125,2934.300048828125,-209.2
Engulfing_Reversal(0.3),LONG,2026-06-05 00:00:00,2026-07-08 00:00:00,2934.300048828125,2994.300048828125,298.3
Engulfing_Reversal(0.3),SHORT,2026-07-08 00:00:00,2026-07-10 00:00:00,2994.300048828125,3008.10009765625,-70.7
Engulfing_Reversal(0.3),LONG,2026-07-10 00:00:00,2026-07-30 00:00:00,3008.10009765625,2906.60009765625,-509.2
Engulfing_Reversal(0.3),SHORT,2026-07-30 00:00:00,2026-08-10 00:00:00,2906.60009765625,3024.699951171875,-592.2
Inside_Bar_Breakout(0.6),LONG,2017-09-21 00:00:00,2018-01-02 00:00:00,1446.4000244140625,1538.800048828125,460.3
Inside_Bar_Breakout(0.6),SHORT,2018-01-02 00:00:00,2018-04-05 00:00:00,1538.800048828125,1534.199951171875,21.3
Inside_Bar_Breakout(0.6),LONG,2018-04-05 00:00:00,2018-06-28 00:00:00,1534.199951171875,1643.0,542.3
Inside_Bar_Breakout(0.6),SHORT,2018-06-28 00:00:00,2019-04-08 00:00:00,1643.0,1587.800048828125,274.3
Inside_Bar_Breakout(0.6),LONG,2019-04-08 00:00:00,2019-04-18 00:00:00,1587.800048828125,1570.5,-88.2
Inside_Bar_Breakout(0.6),SHORT,2019-04-18 00:00:00,2019-06-21 00:00:00,1570.5,1562.0999755859375,40.3
Inside_Bar_Breakout(0.6),LONG,2019-06-21 00:00:00,2019-06-25 00:00:00,1562.0999755859375,1536.300048828125,-130.7
Inside_Bar_Breakout(0.6),SHORT,2019-06-25 00:00:00,2020-02-05 00:00:00,1536.300048828125,1661.0999755859375,-625.7
Inside_Bar_Breakout(0.6),LONG,2020-02-05 00:00:00,2020-04-16 00:00:00,1661.0999755859375,1177.699951171875,-2418.7
Inside_Bar_Breakout(0.6),SHORT,2020-04-16 00:00:00,2020-12-24 00:00:00,1177.699951171875,2004.800048828125,-4137.2
Inside_Bar_Breakout(0.6),LONG,2020-12-24 00:00:00,2021-01-05 00:00:00,2004.800048828125,1948.300048828125,-284.2
Inside_Bar_Breakout(0.6),SHORT,2021-01-05 00:00:00,2021-06-08 00:00:00,1948.300048828125,2319.0,-1855.2
Inside_Bar_Breakout(0.6),LONG,2021-06-08 00:00:00,2021-09-21 00:00:00,2319.0,2172.699951171875,-733.2
Inside_Bar_Breakout(0.6),SHORT,2021-09-21 00:00:00,2021-11-02 00:00:00,2172.699951171875,2356.0,-918.2
Inside_Bar_Breakout(0.6),LONG,2021-11-02 00:00:00,2021-12-01 00:00:00,2356.0,2213.800048828125,-712.7
Inside_Bar_Breakout(0.6),SHORT,2021-12-01 00:00:00,2022-12-01 00:00:00,2213.800048828125,1896.4000244140625,1585.3
Inside_Bar_Breakout(0.6),LONG,2022-12-01 00:00:00,2024-12-23 00:00:00,1896.4000244140625,2270.60009765625,1869.3
Inside_Bar_Breakout(0.6),SHORT,2024-12-23 00:00:00,2025-03-20 00:00:00,2270.60009765625,2084.39990234375,929.3
